"state","lga","longitude","latitude","SWL_pc5","SWLpc50","SWLpc95","MTWL_pc5","MTWLpc50","MTWLpc95"
"SA","Onkaparinga",138.461669921875,-35.1174468994141,2.26644100276454,2.39574892592596,2.62213708407601,3.07484947049702,3.27169394757431,3.61632293486312
"SA","Ceduna",133.674819946289,-32.189151763916,2.06182029424486,2.22731215319787,2.51704998380574,4.11751330763036,4.49535167819657,5.15685896019139
"SA","Port Pirie",138.000579833984,-33.1267433166504,2.70692674531296,2.91359255794386,3.27541642403201,3.11629518117429,3.32907903510533,3.70161417137371
"SA","Port Adelaide Enfield",138.475845336914,-34.7812461853027,2.21316201043734,2.35274065691538,2.59711046752472,2.48566618828577,2.65110014630173,2.94073660580896
"SA","Charles Sturt",138.472106933594,-34.8702430725098,2.28627444799167,2.42357701790011,2.66396194676515,2.69717911565809,2.87398003107493,3.18351739446215
"SA","Victor Harbor",138.605804443359,-35.594554901123,1.51202221000072,1.64445494047443,1.87631391088955,2.71231224706172,2.93763939173128,3.33213491850018
"SA","Unincorporated SA",135.905776977539,-34.6888732910156,1.57011168902597,1.67077257651113,1.84700642481963,1.8384008461408,1.96098506488053,2.17560157731271
"SA","Unincorporated SA",133.05322265625,-32.1064491271973,2.02142063862667,2.17062783439228,2.43185499979918,2.65679914809046,2.86834590917144,3.23871518301669
"SA","Grant",140.672210693359,-38.0639533996582,1.0391538070884,1.11533521536289,1.24871117781657,2.44498069199074,2.67032244496618,3.06484354748772
"SA","Copper Coast",137.588287353516,-33.9396820068359,1.96779219836941,2.14312985833836,2.45010540109113,2.08943567553493,2.28208122081763,2.61935885320152
"SA","Unincorporated SA",137.602798461914,-33.023551940918,2.5519653002711,2.75947133691867,3.12276624022493,2.95450876481451,3.16666288444794,3.53809550213682
"SA","Onkaparinga",138.470275878906,-35.0958251953125,2.26862570181288,2.39881425347528,2.62674418771671,2.79657738633668,2.97903104584011,3.29846505199267
"SA","Yorke Peninsula",137.767929077148,-35.0375442504883,1.94892058406207,2.06007171373823,2.25467154109971,2.78405279360503,2.9686336669012,3.29179193063021
"SA","Onkaparinga",138.458389282227,-35.1697807312012,2.26335910961975,2.3914247550668,2.61563797329986,2.93517870004476,3.12084843427216,3.44591304074237
"SA","Kingston (SA)",139.666198730469,-36.9562568664551,1.52395105953639,1.66119217993147,1.90146952496241,2.40835452294286,2.59720360412922,2.92783450912599
"SA","Kangaroo Island",137.180358886719,-36.0086135864258,1.94292995679555,2.05166632956787,2.24203847811066,2.52967357769272,2.65768806449774,2.8818117158237
"SA","Elliston",134.854675292969,-33.6464500427246,1.70820893217393,1.86453532119271,2.13822654145949,3.48813110538445,3.76346932192728,4.24552262684072
"SA","Unincorporated SA",132.431213378906,-32.0147438049316,1.95633147993073,2.07930194148919,2.29459467544124,2.92360084785087,3.13737108771457,3.51163315678845
"SA","Unincorporated SA",136.499649047852,-35.1658554077148,1.62738325948762,1.75112969611694,1.96778098229662,2.77926879109592,2.96739287842464,3.29675448746421
"SA","Wattle Range",139.998825073242,-37.4942817687988,1.08750139094837,1.18317118611717,1.35066679032559,2.53203118453025,2.75026740627137,3.13234837295679
"SA","Kangaroo Island",136.535095214844,-35.8576393127441,1.63372888598275,1.76003317585624,1.98116266933064,2.75090936164711,2.95203231777163,3.30415192874
"SA","Wattle Range",139.879470825195,-37.3767509460449,1.13727061014313,1.25300183799704,1.45562035412298,1.69524461571708,1.83366713602822,2.07601283808245
"SA","Unincorporated SA",136.156509399414,-34.9915504455566,1.6103155167305,1.72718213129413,1.93178844599972,1.93989973697724,2.08663549718936,2.34353575261844
"SA","Kangaroo Island",137.937957763672,-35.7128486633301,1.45748530983845,1.56793480711777,1.76130623901721,2.30668924450745,2.48654272413688,2.80142441889086
"SA","Cleve",136.576965332031,-33.9472122192383,1.8352586394879,1.95717345873242,2.1706180080313,2.47299595493632,2.63719575753483,2.92467149738163
"SA","Lower Eyre Peninsula",136.023025512695,-34.8660087585449,1.59757892595903,1.70931155886625,1.9049294634052,1.88308988761387,2.01095950379039,2.23482952027362
"SA","Whyalla",137.786407470703,-32.9926872253418,2.54668586970952,2.75206382513459,3.11163295219622,2.94949463130211,3.16085178012141,3.5308890869098
"SA","Yorke Peninsula",137.354400634766,-34.9310340881348,2.06294928544742,2.22006414841146,2.49513580353366,2.53421301203112,2.74676597192924,3.11889686634172
NA,NA,NA,NA,NA,NA,NA,NA,NA,NA
"SA","Yankalilla",138.086761474609,-35.6061515808105,1.48586385084627,1.60775243034029,1.82115103992689,2.39550565567375,2.58859140184964,2.9266397238169
"SA","Elliston",134.446472167969,-33.7753486633301,1.65070844748903,1.78385701452202,2.01696924859055,2.80543893066636,3.04400244245948,3.46167177560031
"SA","Franklin Harbour",136.89794921875,-33.7826766967773,1.87887510116293,2.01837124324141,2.26259660779824,2.63696907681701,2.83550642194477,3.18309922823684
"SA","Port Augusta",137.856109619141,-32.7116355895996,2.5662083085173,2.77945554737355,3.15280196308377,2.79884663871982,3.00862989536713,3.37591168229847
NA,NA,NA,NA,NA,NA,NA,NA,NA,NA
NA,NA,NA,NA,NA,NA,NA,NA,NA,NA
"SA","Yankalilla",138.237152099609,-35.4988975524902,1.47614701551621,1.59411884403362,1.80066013182704,2.4422514777318,2.65944609374976,3.0397034505943
"SA","Whyalla",137.440902709961,-33.2315673828125,2.52956907215786,2.72804743206136,3.07553696891756,2.84404930875611,3.04237531644937,3.38959811994984
"SA","Yorke Peninsula",137.768692016602,-35.0113372802734,1.94895054025515,2.06011374494798,2.25473471286075,2.54414302792486,2.7208958995611,3.03034914944055
"SA","Unincorporated SA",133.50520324707,-32.3217849731445,1.99189273351168,2.1291975508518,2.36958641444802,3.60156115911782,3.88420074887952,4.37903706348468
"SA","Lower Eyre Peninsula",135.109100341797,-34.590259552002,1.63616328518423,1.76344885498333,1.98629634183012,2.69704950185326,2.90156629666134,3.25962773137757
"SA","Lower Eyre Peninsula",135.106781005859,-34.5828094482422,1.68457931588864,1.83138086276299,2.08839629536702,2.79963679138431,3.02673566135604,3.42433306787132
"SA","Yorke Peninsula",137.490112304688,-34.2766609191895,1.91747699393135,2.07253314048289,2.34400046104166,3.11477360049751,3.39438410579332,3.88391719661798
"SA","Grant",140.74040222168,-38.0601692199707,1.06021677674998,1.14488843974117,1.29312886742285,1.58770102681357,1.72386093543084,1.96224532961266
"SA","Grant",140.77214050293,-38.0627479553223,1.03830327129105,1.1141418378067,1.246917563922,1.51855276340097,1.63453538817324,1.83759404194828
"SA","Grant",140.85432434082,-38.0498161315918,1.0540421450958,1.13622488100937,1.28010777511463,1.80495101530674,1.9670849846258,2.25094392992708
"SA","Grant",140.912155151367,-38.0582466125488,1.05238180169667,1.13389527118664,1.27660643513612,1.58731557406449,1.72074470534181,1.95434814227682
"SA","Grant",140.955093383789,-38.0625228881836,1.03840040271876,1.11427812185987,1.24712239513413,1.50134544589918,1.61309927169279,1.80875428005646
"SA","Grant",140.5830078125,-38.033863067627,1.03610396095671,1.11105600932037,1.24227964793255,3.10293357582945,3.37875138246271,3.86164433830071
"SA","Grant",140.631912231445,-38.0421752929688,1.07077862126544,1.15970764927472,1.31540173487197,2.29096544041414,2.50873401893848,2.88999625090192
"SA","Grant",140.501113891602,-37.987247467041,1.0652750694715,1.15198567541932,1.30379581893309,2.00269403536767,2.18468253565775,2.50330215600174
"SA","Grant",140.524429321289,-37.9978141784668,1.07196319918326,1.16136971770863,1.31789977836316,2.1004316703781,2.29288281282108,2.62982009095796
"SA","Grant",140.429992675781,-37.9360847473145,1.07634460421119,1.16751721960237,1.32713930591775,2.33842812426724,2.55418393058534,2.93192226562582
"SA","Grant",140.370849609375,-37.9024505615234,1.07013494215162,1.15880451008856,1.3140443413257,2.81082207769565,3.06420332050892,3.50781506113414
"SA","Grant",140.36296081543,-37.8788871765137,1.09373115422485,1.19191209943051,1.36380414445851,2.91484855541441,3.18436468192266,3.65622485862486
"SA","Grant",140.326446533203,-37.8215484619141,1.09402673014799,1.19232681880378,1.36442745635706,4.71084451259821,5.1448296406479,5.90463686205879
"SA","Grant",140.317901611328,-37.7939872741699,1.09888136966458,1.199138310878,1.37466494302978,2.91810638528264,3.19716370695791,3.68572830166947
"SA","Wattle Range",140.281753540039,-37.7494964599609,1.08765977973419,1.18339341970538,1.35100080134296,2.67706136539949,2.91604305719828,3.33444452645996
"SA","Wattle Range",140.263427734375,-37.7113876342773,1.10395210949,1.20625301095269,1.38535814305136,2.38699771879041,2.60509182004969,2.98692396676079
"SA","Wattle Range",140.215057373047,-37.6637725830078,1.07393294726242,1.1641334498835,1.32205359238787,2.25868264995122,2.45390290421562,2.79568825437807
"SA","Wattle Range",140.162246704102,-37.6170768737793,1.07388641123349,1.16406815568582,1.32195545699092,2.22414640609408,2.40991260245458,2.73514609172884
"SA","Wattle Range",140.13639831543,-37.5949974060059,1.11811202292468,1.22612063197839,1.41521863518038,2.72547534848133,2.97595182528597,3.41447799489224
"SA","Wattle Range",140.121139526367,-37.5391845703125,1.12805950871449,1.24007784144455,1.43619594005588,1.88724492433148,2.05381001076555,2.34542681357231
"SA","Wattle Range",140.065521240234,-37.5013771057129,1.10505320133174,1.20779794097836,1.38768013071218,1.86107437826682,2.02184041084095,2.30330441643106
"SA","Wattle Range",139.950042724609,-37.4479713439941,1.11074756796214,1.21578764506208,1.39968843787671,2.0111974283123,2.19102896591144,2.50587224526364
"SA","Wattle Range",139.912963867188,-37.4064483642578,1.1230834793673,1.23309602861505,1.42570246593678,1.97075153318033,2.13358669132419,2.41867325549584
"SA","Wattle Range",139.891525268555,-37.3818130493164,1.12736009885451,1.23909650705264,1.43472102124967,2.03417250602464,2.21420514932989,2.52940051809226
"SA","Robe",139.739883422852,-37.1650085449219,1.48281634007493,1.60347650101657,1.8147244348618,2.4712223022359,2.6402832404,2.93626970024218
"SA","Robe",139.747909545898,-37.153434753418,1.47932080692519,1.59857195635094,1.80735303809542,2.34196797034796,2.50067622293948,2.77853753343747
"SA","Robe",139.742889404297,-37.0785598754883,1.48207924654674,1.60244229307836,1.81317004855864,3.01277411663339,3.23247994183116,3.61713384304084
"SA","Robe",139.734085083008,-37.0505256652832,1.4949343660267,1.62047917185209,1.84027898505176,2.41652767653286,2.57995545678025,2.86607956469416
"SA","Kingston (SA)",139.690048217773,-36.9901237487793,1.50051717334864,1.62831234827958,1.85205203542128,2.44504565869751,2.61146874293561,2.90283693285918
"SA","Kingston (SA)",139.687896728516,-36.9373512268066,1.56627035691568,1.72056992728027,1.99071265855422,2.44869677109359,2.66278228224951,3.03759631817445
"SA","Kingston (SA)",139.751434326172,-36.9028358459473,1.58501757835444,1.74687395043327,2.03024688740352,3.73724592815037,4.04650957922516,4.58795844514026
"SA","Kingston (SA)",139.796524047852,-36.8766288757324,1.59687389722179,1.76350942289592,2.0552495484615,3.75834943340326,4.07323992395748,4.6245400796838
"SA","Kingston (SA)",139.82112121582,-36.8556785583496,1.60120426667831,1.76958531733273,2.06438145196278,3.76675731378203,4.08257532333052,4.63549934951761
"SA","Kingston (SA)",139.839019775391,-36.8294143676758,1.60623607567973,1.77664539399033,2.07499255447939,3.80714025658768,4.13008238796761,4.69547909781102
"SA","Kingston (SA)",139.852264404297,-36.7863502502441,1.60901669511119,1.78054685096857,2.08085633783017,2.10940707844375,2.33081651599254,2.71845304698173
"SA","Kingston (SA)",139.858383178711,-36.74951171875,1.6167302803339,1.79136969876783,2.09712278267051,2.05447329978448,2.27410637916757,2.65863291934171
"SA","Kingston (SA)",139.854141235352,-36.6967544555664,1.61434899529681,1.78802854354897,2.09210111757102,2.27646643835409,2.50881901500458,2.91561444240977
"SA","Kingston (SA)",139.844863891602,-36.6574974060059,1.61414035346872,1.78773580046195,2.09166113270145,2.42317211844084,2.66354879502188,3.08439255882961
"SA","Kingston (SA)",139.830047607422,-36.6085319519043,1.61821385773978,1.79345129014183,2.10025135769008,2.56302203994694,2.81358843373282,3.25227202710146
"SA","Kingston (SA)",139.821029663086,-36.5684852600098,1.63008707434543,1.81011047163791,2.12528965277816,2.83198749280259,3.10611296367182,3.58604303241659
"SA","Kingston (SA)",139.803558349609,-36.5380020141602,1.61335068376491,1.78662782346173,2.08999587351157,2.7834755124158,3.04899883998536,3.51386855256521
"SA","Kingston (SA)",139.791915893555,-36.4919242858887,1.6278612191559,1.80698739835307,2.12059575887311,2.74619753540376,3.01095261591311,3.47447730621815
"SA","Kingston (SA)",139.775497436523,-36.4551124572754,1.64541730899542,1.8316201576728,2.15761812379699,2.58070863633444,2.83522211156735,3.28081612834251
"SA","Kingston (SA)",139.756973266602,-36.4185371398926,1.6374909736667,1.82049880250633,2.14090303053128,2.48239008339936,2.73579486510227,3.17944781685931
"SA","Kingston (SA)",139.731491088867,-36.3667602539062,1.6371090016373,1.81996286169302,2.14009752611698,2.57101350279416,2.82809299299679,3.27817950635357
"SA","Kingston (SA)",139.714538574219,-36.3330459594727,1.63757489991542,1.82061655851601,2.14108001459977,2.47995237481486,2.72956102756476,3.16656783869283
"SA","Kingston (SA)",139.683654785156,-36.2842216491699,1.63290188051806,1.81405989566205,2.13122552928972,2.56332933221222,2.81711000671957,3.26142105952396
"SA","Coorong",139.628814697266,-36.1987915039062,1.62979695167213,1.80970340366037,2.12467784071856,2.969285940308,3.25398173290731,3.75241798138973
"SA","Coorong",139.571441650391,-36.1088409423828,1.62873858102984,1.80821841528649,2.1224459437243,4.32747564236246,4.74098130557872,5.46493373781512
"SA","Kangaroo Island",136.905456542969,-36.0443840026855,1.93621218879316,2.0422407021143,2.22787201731376,2.70829069528314,2.84496230860658,3.0842425789506
"SA","Kangaroo Island",136.928207397461,-36.0405349731445,1.93521331481843,2.04083919286965,2.22576558717225,3.16044121757837,3.3469979973156,3.67361561457017
"SA","Kangaroo Island",137.016082763672,-36.029296875,1.93452975117324,2.03988009212993,2.22432408493841,3.57619331118568,3.80518420319699,4.20609410112233
"SA","Kangaroo Island",137.049743652344,-36.0282287597656,1.93604247778905,2.04200258244436,2.22751412994914,3.48091855660034,3.68902753579426,4.05337805154252
"SA","Kangaroo Island",137.123550415039,-36.0327224731445,1.9378115071475,2.04448468835831,2.23124466739048,2.60325349887331,2.73664477866982,2.97018194644812
"SA","Kangaroo Island",137.13444519043,-36.034538269043,1.93842474098755,2.04534511011089,2.23253785780001,2.49874630671111,2.62657920497983,2.85038493692953
"SA","Kangaroo Island",137.426620483398,-36.0531272888184,1.94925020000217,2.06053419429025,2.25536663674632,2.51287800197717,2.64306870249969,2.87100239889636
"SA","Kangaroo Island",137.475936889648,-36.0683212280273,1.45185709137319,1.56003791480742,1.74943742541482,1.88728378711836,2.01850602920728,2.2482457154425
"SA","Kangaroo Island",137.515167236328,-36.0489692687988,1.4582467840397,1.56900322331404,1.76291203939854,2.62019152638434,2.79921818772988,3.11265231559209
"SA","Kangaroo Island",137.568801879883,-36.0300827026367,1.45949313285037,1.57075196181801,1.76554034563943,2.81055008145133,3.01274961649012,3.36675406723895
"SA","Kangaroo Island",136.690704345703,-36.0229301452637,1.95209170998121,2.06452108613565,2.26135882637058,2.5881886086554,2.72467667186839,2.96363558857517
"SA","Kangaroo Island",136.73811340332,-36.0450325012207,1.93875423465746,2.04580741910696,2.23323269560271,2.99939701447936,3.16425404298486,3.45288043283772
"SA","Kangaroo Island",136.788467407227,-36.0343894958496,1.94031212787624,2.04799328219234,2.23651798815846,2.31139602828042,2.43648340290312,2.65548236024705
"SA","Kangaroo Island",136.846450805664,-36.0241584777832,1.94154483133527,2.04972287505138,2.23911751901758,2.38187716019833,2.50566329159671,2.72238407410298
"SA","Kangaroo Island",137.273880004883,-35.9951553344727,1.94880689725255,2.05991220100832,2.25443179782046,2.4117496895993,2.54829326831746,2.78734937978742
"SA","Kangaroo Island",137.32177734375,-35.9999389648438,1.97546485234559,2.09731568878753,2.31064821905095,2.52569550064365,2.65261227479095,2.87481408605729
"SA","Kangaroo Island",137.382507324219,-36.0181884765625,1.95168134681696,2.06394531002885,2.26049345059745,2.71353514211288,2.86145734910518,3.12043479744509
"SA","Kangaroo Island",137.603118896484,-36.0112037658691,1.46054370265544,1.57222600492177,1.76775579219142,2.65823061250106,2.84600404134586,3.17475172877589
"SA","Kangaroo Island",136.633361816406,-35.9650650024414,1.95698562267828,2.07138768198364,2.27167913251124,2.81328684967705,2.95304754797776,3.19773608907021
"SA","Kangaroo Island",137.626693725586,-35.9808921813965,1.4643828394534,1.57761265614104,1.77585178194916,2.30724259081653,2.47927207079155,2.78045575827869
"SA","Kangaroo Island",136.578521728516,-35.9429016113281,1.96781902925435,2.08658791730028,2.29452467131253,3.09120720265245,3.27164262908496,3.58754317760809
"SA","Kangaroo Island",137.603698730469,-35.9404640197754,1.4640111625728,1.5770911603394,1.77506798799316,2.03213932354671,2.18206561859039,2.44455175991394
"SA","Coorong",139.421813964844,-35.9398231506348,1.61112321460907,1.78350248563824,2.08529857606674,4.26136972881767,4.66992658691879,5.38521481012863
"SA","Kangaroo Island",136.536087036133,-35.896728515625,1.62782419019582,1.75174836121328,1.9687108190504,2.76879941776088,2.97252791605252,3.32920922655001
"SA","Kangaroo Island",137.677032470703,-35.8850936889648,1.47165727911248,1.58781934356095,1.791192154557,1.71632725360477,1.83931319089887,2.05463301927177
"SA","Kangaroo Island",137.725204467773,-35.8824005126953,1.47199946442665,1.58829946006547,1.79191375655886,1.8135231022369,1.94377202898262,2.17180766598051
"SA","Kangaroo Island",137.788360595703,-35.8557510375977,1.47302983519867,1.58974516212494,1.79408660729483,2.46303293841777,2.65210226790809,2.98311877656042
"SA","Kangaroo Island",137.871337890625,-35.8728942871094,1.4734467275903,1.59033009931991,1.79496575193342,2.29457272105977,2.46248707478443,2.75646613142142
"SA","Kangaroo Island",137.88493347168,-35.8728485107422,1.47301445361055,1.5897235803854,1.79405417052937,2.28800447024449,2.453269683599,2.74261071037352
"SA","Kangaroo Island",137.96125793457,-35.8787040710449,1.47645547871589,1.59455164540489,1.80131062047504,2.49303305946282,2.67820843757941,3.00240754125091
"SA","Kangaroo Island",138.001083374023,-35.8967895507812,1.47708402078194,1.59543354596343,1.80263609294369,2.46862065732601,2.65470064640527,2.98048351389166
"SA","Kangaroo Island",138.052825927734,-35.8993873596191,1.47188634005994,1.58814073649298,1.79167519936165,2.27260065818478,2.43996849172666,2.73299071838336
"SA","Kangaroo Island",138.082214355469,-35.8790435791016,1.47362565776566,1.59058115430909,1.79534308072979,2.41507404612188,2.60631873175707,2.94114378406955
"SA","Coorong",139.373916625977,-35.8965225219727,1.60465223672964,1.77442312673063,2.07165254744326,4.07193789346176,4.4530879531696,5.12039323413312
"SA","Kangaroo Island",138.135406494141,-35.8457832336426,1.45422896160674,1.56336586021751,1.75443923653227,2.66048942309456,2.84781096045861,3.17576749080009
"SA","Coorong",139.319274902344,-35.8516044616699,1.59615998611895,1.76250774196739,2.05374404936607,3.7460764535548,4.08615438401096,4.6815519004288
"SA","Kangaroo Island",136.559677124023,-35.8249588012695,1.63315362925934,1.75922603938426,1.97994956524347,3.97776863341689,4.30604216558279,4.88077292066329
"SA","Kangaroo Island",138.12907409668,-35.8107795715332,1.45611091969962,1.56600641521441,1.75840791862054,2.15137605361401,2.30901001415154,2.58499048863062
"SA","Coorong",139.272583007812,-35.809326171875,1.5948150630925,1.76062069504994,2.05090786935475,4.10015390988696,4.47680508452912,5.13623386203603
"SA","Kangaroo Island",136.564651489258,-35.7734603881836,1.63460407144756,1.7612611390936,1.98300826456001,3.91334588995146,4.20249814241505,4.70873661767424
"SA","Kangaroo Island",138.073806762695,-35.774959564209,1.4548209448902,1.56419646554456,1.75568761366805,1.73817527238809,1.85861561874067,2.0694787082644
"SA","Coorong",139.215682983398,-35.7648048400879,1.59459067286575,1.76030585555551,2.05043467418795,4.22125521373775,4.60399531163987,5.2740843803976
"SA","Kangaroo Island",136.588409423828,-35.7481994628906,1.64007128454523,1.76893212651824,1.99453754928508,2.96349851857303,3.23983291906206,3.72363031082834
"SA","Kangaroo Island",136.626861572266,-35.7417831420898,1.99421887200613,2.1236292504518,2.35019678402236,3.62445623540769,3.94047270894437,4.49374419950673
"SA","Kangaroo Island",138.066772460938,-35.7513809204102,1.4558093769919,1.56558332391038,1.75777202393856,2.20302207875504,2.38081649697149,2.69209325314627
"SA","Yankalilla",138.176651000977,-35.6691741943359,1.47758222284052,1.59613256787058,1.80368670379081,2.05685953164169,2.20863541366641,2.47435975246261
"SA","Yankalilla",138.198532104492,-35.6705513000488,1.47905198371652,1.59819477342131,1.80678614244713,2.07442467577278,2.21949024925145,2.47346639539851
"SA","Coorong",139.162200927734,-35.7285499572754,1.57773465314516,1.73665535702986,2.01488862042745,3.64395050801098,3.95290837037807,4.49382187124648
"SA","Kangaroo Island",136.706756591797,-35.725227355957,1.99905098935634,2.13040914191853,2.36038677584454,2.83868680108885,3.05517655156266,3.43419985245468
"SA","Kangaroo Island",136.731002807617,-35.7152709960938,2.00078465817993,2.13284163384937,2.36404274482346,4.22699816895867,4.60940237439725,5.27890337341961
"SA","Kangaroo Island",136.78987121582,-35.6979751586914,2.00519227793356,2.13902591734053,2.37333755411505,3.92888049840789,4.26816382376749,4.86217017110713
"SA","Kangaroo Island",137.616470336914,-35.674991607666,1.91968549156425,2.01905227240637,2.19302044037446,2.55784178543302,2.71037788093542,2.97743317706822
"SA","Kangaroo Island",137.649337768555,-35.6554565429688,1.91936563278417,2.01860348201981,2.19234592067287,2.51160628394874,2.66197720574888,2.92524178531499
"SA","Kangaroo Island",137.763717651367,-35.7223281860352,1.92764755423835,2.03022375622382,2.20981087563436,2.61073769638202,2.77884073579564,3.07315013727577
"SA","Kangaroo Island",137.775573730469,-35.7165031433105,1.92837963468933,2.03125093036774,2.2113546903367,2.61323068661954,2.7830221386489,3.08028755870031
"SA","Kangaroo Island",137.890029907227,-35.723461151123,1.44786731771856,1.55443990664769,1.7410237719444,2.35676269436152,2.53628341610316,2.85058252903628
"SA","Kangaroo Island",137.907119750977,-35.714672088623,1.4532244387499,1.56195642508759,1.75232089400154,2.31846181754061,2.49762255592832,2.81129142156904
"SA","Kangaroo Island",137.988906860352,-35.7158203125,1.46620623013204,1.58017103583398,1.7796969567985,2.39893376970145,2.58585490937008,2.91311043628829
"SA","Kangaroo Island",138.013977050781,-35.7265586853027,1.45821061652168,1.56895247706162,1.76283576916623,2.05062092819449,2.22370798248613,2.52674323711464
"SA","Yankalilla",138.130722045898,-35.6500282287598,1.48626174245257,1.60831070773936,1.82199011561991,2.06073110889978,2.21790552880315,2.49308145430161
"SA","Yankalilla",138.246475219727,-35.6603355407715,1.4880645428336,1.61084019740894,1.82579186955267,2.14335595612382,2.30140922038287,2.57812379834838
"SA","Yankalilla",138.312057495117,-35.6453323364258,1.49914011771997,1.62638021645632,1.8491480940271,2.36960297145406,2.55016328805893,2.866282490284
"SA","Yankalilla",138.3759765625,-35.6453437805176,1.4980903793521,1.62490733993308,1.84693440081379,2.51426542254616,2.69836055488628,3.02066839895276
"SA","Yankalilla",138.414459228516,-35.6428642272949,1.49848729279699,1.62546424488448,1.84777141375542,2.26958110205769,2.44768331984177,2.7594989616122
"SA","Victor Harbor",138.478042602539,-35.6393089294434,1.50623782806685,1.6363389368943,1.86411577902918,2.35326619151158,2.53670152522688,2.85785421505555
"SA","Victor Harbor",138.513809204102,-35.6463623046875,1.51311014557154,1.645981411079,1.87860815454428,2.33943798152658,2.5218998816128,2.84134831511303
"SA","Coorong",139.103012084961,-35.6852188110352,1.5749983933335,1.73281614055324,2.00911838285179,3.47824364739822,3.76686899542038,4.27218498330915
"SA","Kangaroo Island",136.849060058594,-35.6847915649414,2.00712798599575,2.14174188833665,2.37741958439171,3.64141206638709,3.95391659279148,4.50103947912796
"SA","Kangaroo Island",136.900344848633,-35.6795883178711,2.00403017327406,2.13739538089174,2.37088690233684,4.21315545801989,4.58680753366609,5.2409855849901
"SA","Kangaroo Island",136.94677734375,-35.6725311279297,2.00064490336891,2.13264554538918,2.36374802921989,3.84283177716049,4.17143578035387,4.74674511349366
"SA","Kangaroo Island",137.011520385742,-35.6639022827148,2.00211498214738,2.13470819698541,2.3668481382704,3.3631869693583,3.63877573510405,4.12126769351362
"SA","Kangaroo Island",137.058792114258,-35.6631202697754,1.99683865724827,2.12730504272266,2.35572139947734,3.00556995537087,3.24023062463514,3.65106698644635
"SA","Kangaroo Island",137.106231689453,-35.6534042358398,1.99289952790049,2.1217780930408,2.34741454495967,2.61506690500143,2.80845652759667,3.14703686663761
"SA","Kangaroo Island",137.630981445312,-35.6381607055664,1.92107044584627,2.02099548674452,2.19594103848604,2.51383722346617,2.66278998630922,2.9235716987284
"SA","Yankalilla",138.093200683594,-35.6287651062012,1.48880708961162,1.61188205674289,1.82735775569477,2.29451792512056,2.48108436487113,2.80771889456672
"SA","Victor Harbor",138.55793762207,-35.6218681335449,1.50901947456779,1.64024183494259,1.86998172826892,2.20477581089509,2.38358289422333,2.69663259194627
"SA","Coorong",139.046203613281,-35.6484336853027,1.56989031219638,1.72564904728893,1.99834643729626,3.82720919711025,4.13513304376466,4.67423622313871
"SA","Kangaroo Island",137.179275512695,-35.6163673400879,1.97361867050615,2.09472533106398,2.30675498209443,2.94854416789615,3.16142775653625,3.53413750512951
"SA","Kangaroo Island",137.632522583008,-35.5992774963379,1.91869280446043,2.01765944389321,2.19092705713544,2.15677183774455,2.27511755806365,2.48231344361305
"SA","Kangaroo Island",137.239776611328,-35.6021537780762,1.9657307524667,2.08365787877957,2.29012090338921,2.90871480395863,3.11688227551898,3.48133519782347
"SA","Kangaroo Island",137.285034179688,-35.5917587280273,1.9608192328643,2.07676657887361,2.2797634677237,3.11141556785775,3.32992713940742,3.71249017969269
"SA","Kangaroo Island",137.310577392578,-35.5752601623535,1.94466550857985,2.05410146346047,2.24569841788598,3.16423258587004,3.37863417660501,3.75400159450363
"SA","Kangaroo Island",137.372985839844,-35.5833930969238,1.93938260554527,2.04668907948717,2.23455780708987,2.68448114258077,2.86940378320572,3.19316040219548
"SA","Kangaroo Island",137.425735473633,-35.5836410522461,1.93439906880928,2.03969673312184,2.22404850135391,2.77896913161741,2.96194829584604,3.28230233879086
"SA","Kangaroo Island",137.48600769043,-35.574275970459,1.93444866159262,2.03976631621848,2.22415308284893,2.95044955550774,3.14687212657422,3.49076245437207
"SA","Kangaroo Island",137.555801391602,-35.571605682373,1.93077867335593,2.03461699551173,2.21641379437374,2.72408058390742,2.89458557577863,3.19310023846429
"SA","Kangaroo Island",137.586929321289,-35.5594902038574,1.92897560398053,2.03208712841903,2.21261147318435,2.95697667611331,3.14676197030594,3.4790319669604
"SA","Yankalilla",138.115966796875,-35.5587463378906,1.4820925006338,1.60246088974422,1.81319799883986,2.49471224972402,2.71443838066409,3.09912783251514
"SA","Alexandrina",138.684585571289,-35.5412063598633,1.51700870567497,1.65145143849394,1.88682945644842,3.13876339710746,3.40570444006204,3.87305624319718
"SA","Alexandrina",138.741424560547,-35.5217819213867,1.52980877912175,1.6694110827753,1.91382231160757,2.19414917956096,2.38617528141737,2.72236841214877
"SA","Yankalilla",138.144882202148,-35.5329360961914,1.47863330618033,1.59760733150936,1.80590323328728,2.48794909821018,2.70916296977478,3.09645711012099
"SA","Yankalilla",138.167190551758,-35.5175514221191,1.47707436143805,1.59541999304274,1.8026157232738,2.53784308310379,2.7684293756025,3.17213244945258
"SA","Yankalilla",138.272125244141,-35.4736175537109,1.48299879163136,1.60373249681735,1.81510918956315,2.30554720303339,2.50465399608985,2.85324377352329
"SA","Yankalilla",138.296783447266,-35.4467391967773,1.48259671838504,1.60316835220451,1.81426129560798,2.46695094142875,2.68141301567576,3.05688632616436
"SA","Yankalilla",138.328460693359,-35.4014854431152,1.4871699653189,1.60958502539662,1.82390538027717,2.4978289719293,2.71508349974423,3.09544574823836
"SA","Yankalilla",138.377059936523,-35.3707275390625,1.4891030323453,1.61229729078403,1.8279818411251,2.46423370351144,2.67772155555686,3.05148922910959
"SA","Yorke Peninsula",136.892074584961,-35.2995147705078,1.99719407219547,2.12780372158186,2.35647090019162,3.08580628703085,3.27187095808897,3.59762700727601
"SA","Yorke Peninsula",136.94612121582,-35.2843360900879,1.99112580336726,2.11928939937806,2.34367410631169,2.58774070452077,2.75427974834747,3.04585095659381
"SA","Onkaparinga",138.437393188477,-35.2955360412598,1.49535265229833,1.62106606478497,1.84116106911106,1.85884067214765,2.02838303383328,2.3252123545123
"SA","Yorke Peninsula",136.833374023438,-35.2586517333984,2.0465118454469,2.19700095455299,2.46047245265789,2.62743630054939,2.79892481977789,3.09916141056711
"SA","Yorke Peninsula",136.983993530273,-35.2511100769043,1.98223673712782,2.10681724690818,2.32492880156801,2.5451952127787,2.7146530197762,3.01133430482339
"SA","Yorke Peninsula",137.068176269531,-35.2329216003418,1.97906908368168,2.10237274669997,2.31824883906454,2.83899694900342,3.02916886058675,3.3621157345496
"SA","Yorke Peninsula",137.108047485352,-35.2438087463379,1.97508999644041,2.09678973253098,2.30985772115296,2.68013929965047,2.86077070606774,3.17701437005274
"SA","Yorke Peninsula",137.158889770508,-35.2424430847168,1.96573618126251,2.08366549586411,2.29013235165937,2.73891142446965,2.91928833882143,3.23508644627315
"SA","Onkaparinga",138.437713623047,-35.2665901184082,1.49603704738072,1.62202633210521,1.84260432468357,1.85653310077523,2.02528787565968,2.32073831466663
"SA","Yorke Peninsula",136.839752197266,-35.2131881713867,2.04880152566822,2.20021358004799,2.46530094109055,2.89855695206456,3.07306830632175,3.37859717957759
"SA","Yorke Peninsula",137.194564819336,-35.2126617431641,1.96319795022769,2.08010413141734,2.28477971810081,3.13382471730623,3.34203589549834,3.70656533796971
"SA","Onkaparinga",138.463119506836,-35.2146835327148,2.26416139760571,2.39255043664191,2.61732984198257,2.67125044312226,2.84452052509506,3.14787621870838
"SA","Yorke Peninsula",136.848587036133,-35.1861114501953,2.02214129634991,2.16280690132797,2.40907972396308,3.17195102800429,3.37024677422721,3.71741659691749
"SA","Yorke Peninsula",137.264556884766,-35.1675338745117,1.9661037498652,2.08418122738555,2.29090748205958,3.10901850744077,3.31878490835053,3.68603718479802
"SA","Yorke Peninsula",137.310241699219,-35.1675987243652,1.95951964761906,2.07494314490545,2.27702289623889,3.21623057332052,3.43473291857175,3.81727980575007
"SA","Yorke Peninsula",137.348373413086,-35.1653175354004,1.9383085354124,2.04518206332825,2.23229280293595,2.94911804424812,3.1521698881774,3.50766653395322
"SA","Yorke Peninsula",137.610473632812,-35.1551742553711,1.9389966230541,2.04614751163843,2.23374384539493,2.73127848511861,2.91518506976996,3.2371628105996
"SA","Yorke Peninsula",137.634674072266,-35.1674423217773,1.93441246962055,2.03971553565486,2.22407676104784,2.7693624403413,2.95348184100062,3.2758321732608
"SA","Yorke Peninsula",137.679443359375,-35.1711044311523,1.93025736223412,2.03388554952849,2.21531445102524,3.35154487721569,3.58175809605669,3.98480800453098
"SA","Yorke Peninsula",136.918487548828,-35.1413688659668,2.01836371035848,2.15750661137804,2.40111353283599,2.63633884685137,2.81637227872912,3.13156902809894
"SA","Yorke Peninsula",137.412414550781,-35.1113395690918,1.94017733723436,2.04780415890406,2.23623374101815,2.84965448725009,3.0512734554877,3.40426146853038
"SA","Yorke Peninsula",137.487014770508,-35.1126708984375,1.94444745194822,2.05379551056467,2.24523857903437,2.91027027036341,3.11244673965609,3.46641080763754
"SA","Yorke Peninsula",137.524642944336,-35.1180801391602,1.94197935508626,2.05033255061551,2.24003384474981,2.97924514546143,3.18680267589435,3.55018773286588
"SA","Yorke Peninsula",137.740158081055,-35.1296997070312,1.93431685434303,2.03958137889557,2.22387512710034,3.29474661781659,3.52542217672421,3.92928153533551
"SA","Onkaparinga",138.462600708008,-35.1263885498047,2.26622937754416,2.39545199687357,2.62169080781473,3.08393765987173,3.28050008427406,3.62463526279987
"SA","Yorke Peninsula",136.942672729492,-35.1013793945312,2.02235402200187,2.16310537438399,2.40952832081967,2.86239545451426,3.05127803031828,3.38196757661569
"SA","Yorke Peninsula",137.752334594727,-35.0895500183105,1.94615189819977,2.05618700062151,2.24883292331578,2.85924648638528,3.05429989841944,3.3957931465646
"SA","Yorke Peninsula",136.928436279297,-35.0313949584961,2.03611244908709,2.18240967426545,2.43854215664436,2.66241525805373,2.84583905889598,3.16697155734096
"SA","Marion",138.500640869141,-35.0439109802246,2.27446899351749,2.40701291271605,2.639066548779,2.89906321873433,3.08658138665544,3.41488217145994
"SA","Lower Eyre Peninsula",135.93977355957,-34.9993171691895,1.64471092418458,1.77544195459563,2.00432164320426,2.42013976090975,2.59166912819461,2.89197723444879
"SA","Lower Eyre Peninsula",136.003768920898,-34.9874534606934,1.62808689989569,1.752116966345,1.96926482250256,2.24583975804063,2.41021357887929,2.697993984271
"SA","Yorke Peninsula",136.9482421875,-35.0069999694824,2.01094843991084,2.14710232580551,2.38547617559808,2.93034869003091,3.12667503553603,3.47039689471206
"SA","Holdfast Bay",138.505004882812,-34.9957733154297,2.2799358153506,2.41468335116162,2.65059500840351,2.95686068675658,3.15077055035549,3.49026171063408
"SA","Lower Eyre Peninsula",135.62873840332,-34.9475173950195,1.6174404933266,1.73717910871078,1.94681363019654,2.5938528117947,2.74993980991169,3.0232119122775
"SA","Lower Eyre Peninsula",135.686218261719,-34.951774597168,1.614162674452,1.73258003658425,1.93990135031879,2.24211406557112,2.40189067620841,2.6816224336544
"SA","Lower Eyre Peninsula",135.875335693359,-34.9482650756836,1.64224771812967,1.77198585688479,1.99912722267661,2.13933753289381,2.29581792026796,2.5697787559085
"SA","Lower Eyre Peninsula",136.05680847168,-34.9548683166504,1.6097616083798,1.72640494849244,1.93062036146145,2.34433632510872,2.51807817058971,2.82225981259884
"SA","Yorke Peninsula",136.970291137695,-34.9538307189941,2.00807668029029,2.14307299101606,2.37942019538735,2.90506112450672,3.10502215845634,3.45510751340497
"SA","Yorke Peninsula",137.790176391602,-34.9498023986816,1.9512980787237,2.06340755072239,2.2596852130376,2.5125829346388,2.6869259878066,2.9921602049214
"SA","Charles Sturt",138.493499755859,-34.9453239440918,2.28267163498962,2.41852195003678,2.65636431774107,2.69632029891811,2.87053321790632,3.17553960027976
"SA","Lower Eyre Peninsula",135.60270690918,-34.892707824707,1.67247456847798,1.81439682290453,2.06286974702706,3.82369712745806,4.10796241860613,4.60564495897657
"SA","Lower Eyre Peninsula",135.708190917969,-34.9039306640625,1.64199972975898,1.77163790709044,1.99860426363274,1.9154947349036,2.04825713797512,2.28069328858451
"SA","Lower Eyre Peninsula",135.813537597656,-34.8753776550293,1.6432166359113,1.77334533491968,2.00117048105706,2.07707754558536,2.23256339515847,2.50478302596417
"SA","Lower Eyre Peninsula",135.850769042969,-34.9092292785645,1.64388061187432,1.77427695239491,2.0025706766945,2.14760632210152,2.3136624046903,2.60438805991531
"SA","Lower Eyre Peninsula",136.040588378906,-34.9115982055664,1.59790538732859,1.70976961327455,1.90561790667862,2.05617764198709,2.20201770210599,2.45734979458416
"SA","Yorke Peninsula",137.007171630859,-34.9160041809082,2.00827204357728,2.14334710312602,2.37983217840693,2.77500650065104,2.97320552845478,3.32020601964362
"SA","Yorke Peninsula",137.434066772461,-34.916015625,2.07758143075533,2.24059435285879,2.52599214046065,2.55043199806307,2.76628822909118,3.14420238448803
"SA","Yorke Peninsula",137.805541992188,-34.9134864807129,1.95245646636985,2.06503287187005,2.26212802636056,2.50345799724218,2.67817818521614,2.98407267783498
"SA","Charles Sturt",138.486358642578,-34.9103393554688,2.28606580616357,2.4232842748131,2.66352196189558,2.7032324184828,2.88087211877146,3.19187799976821
"SA","Lower Eyre Peninsula",135.545608520508,-34.8329162597656,1.68039982782915,1.82551666837856,2.07958257126626,3.81444415439629,4.09053366369021,4.57390230781868
"SA","Yorke Peninsula",137.037017822266,-34.8975028991699,2.00863934318559,2.14386245722435,2.3806067415505,2.4090533782098,2.58932424927239,2.90493669953977
"SA","Yorke Peninsula",137.119888305664,-34.9118118286133,2.01894586311981,2.15832342360606,2.40234117932042,2.74746120177443,2.95664944102919,3.3228894906232
"SA","Yorke Peninsula",137.17822265625,-34.8988838195801,2.03177787353652,2.17632787830369,2.42940138331213,2.97915226825793,3.21311132483968,3.62271932570402
"SA","Yorke Peninsula",137.205261230469,-34.896785736084,2.03442612327559,2.18004360880162,2.43498602483229,2.99773422817745,3.23378451993085,3.64705378815758
"SA","Yorke Peninsula",137.259643554688,-34.8906936645508,2.04266138643065,2.19159841725199,2.45235258655291,2.76590702482042,2.9920828509469,3.3880642219486
"SA","Yorke Peninsula",137.289123535156,-34.893238067627,2.04760931809142,2.19854080652229,2.46278680813859,2.77310588138644,3.00170061427963,3.40191692954663
"SA","Yorke Peninsula",137.451095581055,-34.8677635192871,2.07769186517818,2.2407493022002,2.52622502509157,2.53118469611419,2.74584034519977,3.12165256029757
"SA","Yorke Peninsula",137.813827514648,-34.8672142028809,1.95454366717994,2.06796140069834,2.26652952525735,2.45283277182011,2.62105940026142,2.91558517744123
"SA","Lower Eyre Peninsula",135.501922607422,-34.7913246154785,1.68422551490776,1.83088444844244,2.08765019819251,3.49662984528597,3.72693014224716,4.13013250429705
"SA","Lower Eyre Peninsula",136.003540039062,-34.8275985717773,1.59663057402099,1.70798093654352,1.90292957437253,1.84242759671667,1.96703635710744,2.1851973720285
"SA","Yorke Peninsula",137.45246887207,-34.8243675231934,2.07235029691322,2.23325460567818,2.51496070078138,3.01515626201596,3.25982295051729,3.68817752938825
"SA","Yorke Peninsula",137.853607177734,-34.7996711730957,1.96142884750712,2.07762192256983,2.28104902595311,2.46065501562136,2.63075647522141,2.92856464656926
"SA","Port Adelaide Enfield",138.478958129883,-34.8245964050293,2.29080225932818,2.42992994089816,2.67351021663269,2.68323497065852,2.85844738559748,3.16520365337497
"SA","Lower Eyre Peninsula",135.476257324219,-34.7575340270996,1.69186180092529,1.84159883856495,2.10375363410497,2.93598094915074,3.1437241095541,3.50743416151497
"SA","Lower Eyre Peninsula",136.013534545898,-34.7910461425781,1.59037310432266,1.69920114865006,1.88973379280674,1.95571145157561,2.09111606543628,2.32817811382035
"SA","Yorke Peninsula",137.45524597168,-34.7916793823242,2.07209426316495,2.23289536750178,2.5144207756074,3.01655154122333,3.26237577532208,3.69275694784154
"SA","Yorke Peninsula",137.865936279297,-34.7779502868652,1.96338321399816,2.08036407300516,2.28517040321236,2.47458630756802,2.6449272172128,2.94315461000718
"SA","Lower Eyre Peninsula",135.335220336914,-34.7054634094238,1.65991972009591,1.79678125125286,2.03639402363913,2.78088675059709,2.98104193110036,3.33146719159859
"SA","Lower Eyre Peninsula",135.439056396484,-34.7274475097656,1.67948879274878,1.82423840493427,2.07766137619877,2.86115800989712,3.05465637664243,3.39342710144816
"SA","Port Lincoln",135.892684936523,-34.7439880371094,1.56985081337875,1.67040654471879,1.84645628902631,1.74807059979628,1.86354307729312,2.06570858160564
"SA","Lower Eyre Peninsula",135.999130249023,-34.7331199645996,1.58228879592672,1.68785814318564,1.872685565193,1.91302163167694,2.04695368493402,2.28143762151597
"SA","Yorke Peninsula",137.474060058594,-34.7379150390625,2.07832512687302,2.24163782481874,2.52756045033563,3.02293500024466,3.26989966791724,3.70227747490391
"SA","Yorke Peninsula",137.876220703125,-34.7336845397949,1.96913541442175,2.08843492305709,2.2973006705523,2.47742602442194,2.64789452509993,2.9463453001767
"SA","Port Adelaide Enfield",138.491088867188,-34.7511978149414,2.22340783545625,2.36711646291946,2.61871691157143,2.49593776069262,2.66494732335725,2.96084383662528
"SA","Lower Eyre Peninsula",135.325469970703,-34.6993713378906,1.69995716254513,1.85295735268799,2.12082517080932,2.86586906486254,3.07690315523601,3.44637486167496
"SA","Yorke Peninsula",137.485076904297,-34.6953315734863,2.07962353832457,2.2434596118497,2.53029854651878,3.02383384233409,3.27105885722308,3.70389247175322
"SA","Yorke Peninsula",137.889953613281,-34.6969833374023,1.97421747646545,2.09556550921351,2.30801774692111,2.43864105826731,2.60522706158738,2.89688048500627
"SA","Playford",138.471588134766,-34.7015037536621,2.22158720808358,2.36456196039117,2.61487756399474,3.03459114180631,3.24424743827841,3.61130694741329
"SA","Lower Eyre Peninsula",135.326873779297,-34.6681861877441,1.7056423344583,1.86093415576365,2.13281408811087,2.65617872401436,2.86736355002443,3.23709915957387
"SA","Lower Eyre Peninsula",135.921951293945,-34.6428375244141,1.57172059336212,1.67303001274226,1.8503992898599,1.93287057424053,2.05945963736416,2.28108770269721
"SA","Yorke Peninsula",137.49104309082,-34.6620597839355,2.07663740718151,2.23926980361698,2.52400137910284,2.71816370475651,2.94852113379654,3.35182352085484
"SA","Yorke Peninsula",137.904342651367,-34.6358642578125,1.9824779761848,2.10715572681364,2.32543752762735,2.39208206048934,2.55269351313587,2.83388688515426
"SA","Adelaide Plains",138.42643737793,-34.6480331420898,2.22021611923951,2.36263820049867,2.61198620538399,2.9669421286238,3.17140573421561,3.52937404696059
"SA","Lower Eyre Peninsula",135.316162109375,-34.6103324890137,1.75145577110732,1.92521449204016,2.22942567904833,2.49130354083883,2.69298119858599,3.04607196333675
"SA","Lower Eyre Peninsula",135.936264038086,-34.6104278564453,1.57351757368278,1.67555133634824,1.85418877042194,1.94325639854721,2.07022745605513,2.29252430488552
"SA","Yorke Peninsula",137.500183105469,-34.6044120788574,2.08339454618053,2.24875067208908,2.53825086564283,2.72715012947746,2.96065991658207,3.36948135087759
"SA","Yorke Peninsula",137.912384033203,-34.618537902832,1.98444787098816,2.10991966485566,2.32959165106477,2.37916419548342,2.53883988855287,2.81839496276283
"SA","Adelaide Plains",138.403396606445,-34.6134872436523,2.22103087878339,2.36378138078151,2.61370437414679,2.96579084100258,3.16835895483573,3.52300870149797
"SA","Unincorporated SA",135.946823120117,-34.5628547668457,1.57281806600665,1.67456986471157,1.8527136453406,1.98239247422666,2.11498742392423,2.34713040254558
"SA","Yorke Peninsula",137.492401123047,-34.5622596740723,2.08372570272485,2.24921531424618,2.53894921012287,2.72725121131249,2.96056547186155,3.36904458454446
"SA","Yorke Peninsula",137.893447875977,-34.5577239990234,1.98291127723404,2.10776368681819,2.32635127492035,2.35441914190262,2.51133547187838,2.78605954182215
"SA","Adelaide Plains",138.351638793945,-34.5736656188965,2.22187358928951,2.36496377875639,2.61548148603032,2.92494302643533,3.12243275297452,3.46819142229403
"SA","Lower Eyre Peninsula",135.998809814453,-34.5188331604004,1.57656483991376,1.67982692256004,1.86061485979919,1.97025056379964,2.10745433542888,2.34766629144036
"SA","Tumby Bay",136.073135375977,-34.512020111084,1.58338546158809,1.68939686288562,1.87499821890381,1.82165880270742,1.958084154691,2.1969332785918
"SA","Tumby Bay",136.107116699219,-34.5229568481445,1.58449085734002,1.69094783168102,1.8773292826707,2.15646265233664,2.30384778230204,2.56188493343565
"SA","Unincorporated SA",137.380996704102,-34.5214958190918,2.05188280746212,2.20453689312736,2.47179876264706,3.10705771281564,3.35702360862996,3.79465586943961
"SA","Yorke Peninsula",137.895538330078,-34.509952545166,1.98245019640085,2.10711674929995,2.32537894548813,2.35612643187726,2.51473725633432,2.79242799278418
"SA","Adelaide Plains",138.315139770508,-34.5217552185059,2.22506767754766,2.36944536936276,2.62221719438985,2.88675037529051,3.08086376945599,3.42071126451262
"SA","Lower Eyre Peninsula",135.302597045898,-34.5082473754883,1.77859353882449,1.9632911997104,2.28665393139999,2.63063760860242,2.93777475559975,3.47550060648508
"SA","Tumby Bay",136.126312255859,-34.4671478271484,1.58996753414931,1.69863209753682,1.88887852451539,2.28098316878167,2.45939196384597,2.77174435127052
"SA","Yorke Peninsula",137.419784545898,-34.4762954711914,1.92401976885804,2.08171323704913,2.35779789561649,2.92219329961381,3.17541079534396,3.61873585283606
"SA","Yorke Peninsula",137.918411254883,-34.4620323181152,2.17722702583683,2.30232066961104,2.52133060278404,2.5853871248076,2.74964759820412,3.03722955853516
"SA","Adelaide Plains",138.260284423828,-34.4787826538086,2.21383787106145,2.35368894962974,2.59853572559142,2.87779372992588,3.06921641609244,3.40435310601735
"SA","Lower Eyre Peninsula",135.355972290039,-34.4217758178711,1.7777933049775,1.9621684002754,2.2849663944952,2.88352041609152,3.19751615283954,3.74724980234388
"SA","Tumby Bay",136.143707275391,-34.4139289855957,1.59106869935316,1.70017713049607,1.89120066688257,1.83944243801232,1.97118855839563,2.20184543392028
"SA","Yorke Peninsula",137.425506591797,-34.4361991882324,1.91604454991301,2.07052329381059,2.34097971635052,2.9257248653586,3.18706181915089,3.64460216299917
"SA","Yorke Peninsula",137.946380615234,-34.4078636169434,1.84810026034044,1.97519139772837,2.19769847855536,2.25673244505446,2.42247664721283,2.71265627219874
"SA","Adelaide Plains",138.249923706055,-34.4341163635254,2.21276387429068,2.3521820364044,2.59627087614385,2.6664447375671,2.85292350776812,3.17940454843253
"SA","Lower Eyre Peninsula",135.348175048828,-34.3730888366699,1.76089317017746,1.93845600436004,2.24932731064742,2.92710948837567,3.22309919684648,3.74130847044555
"SA","Tumby Bay",136.145538330078,-34.4058647155762,1.5918743130879,1.70130747839324,1.89289954891996,1.83512944117447,1.96518518736789,2.19288261006028
"SA","Yorke Peninsula",137.440673828125,-34.3979988098145,1.91335536411907,2.06675012637787,2.33530874868508,2.88124179418266,3.13856808786873,3.58908669683634
"SA","Yorke Peninsula",137.983108520508,-34.3797225952148,1.84913466602826,1.97664276113445,2.19987983814077,2.25572512893658,2.42043054451856,2.70879149533515
"SA","Adelaide Plains",138.239547729492,-34.3977470397949,2.21556924120574,2.35611821630856,2.60218684710458,2.66566988358335,2.8511210649377,3.17580303605831
"SA","Lower Eyre Peninsula",135.353698730469,-34.3556213378906,1.76507344076608,1.94432129670259,2.25814268494928,2.99021751172304,3.28812011969084,3.8096784362817
"SA","Tumby Bay",136.194808959961,-34.336181640625,1.59972716404092,1.71232572842885,1.90945967798818,2.12568105009372,2.26492565725364,2.50871064255506
"SA","Yorke Peninsula",137.474868774414,-34.3563575744629,1.92797983085994,2.08726955711103,2.36614889301372,2.90297754172995,3.16645245361551,3.6277358658165
"SA","Yorke Peninsula",138.00910949707,-34.3484191894531,1.85599434079676,1.98626749643307,2.21434555259428,2.2571624467444,2.42164500187597,2.70961577577487
"SA","Adelaide Plains",138.221740722656,-34.3510093688965,2.21500454862552,2.35532590227137,2.60099602073234,2.65877604589158,2.84009015896527,3.15752908383398
"SA","Lower Eyre Peninsula",135.345321655273,-34.3000869750977,1.75773644768503,1.93402684125448,2.24267039939063,3.26955995769723,3.57698258765995,4.11520825295063
"SA","Tumby Bay",136.242691040039,-34.2956275939941,1.60289445067654,1.71676971396919,1.91613886695987,2.10840851463236,2.24972783636971,2.49714516530782
"SA","Yorke Peninsula",137.495086669922,-34.3133583068848,1.92492222057207,2.08297945726517,2.35970099004062,3.13089774399782,3.41472596882844,3.91164330753005
"SA","Yorke Peninsula",138.025238037109,-34.3000411987305,1.86060197010408,1.99273241116061,2.22406214297453,2.25611886122579,2.41878974985723,2.70358871624334
"SA","Wakefield",138.20783996582,-34.3054428100586,2.22214781683993,2.36534854445936,2.61605977837998,2.65716391395758,2.83562808652687,3.14807742710829
"SA","Lower Eyre Peninsula",135.336288452148,-34.2558555603027,1.75046127440491,1.92381912449882,2.22732847971926,2.95382485702427,3.23273183734921,3.72103321925397
"SA","Tumby Bay",136.272445678711,-34.2473526000977,1.60220993332397,1.71580927509298,1.91469535354344,2.16444082934848,2.32226584129253,2.59858080243704
"SA","Yorke Peninsula",137.493392944336,-34.2675590515137,1.9197213608255,2.0756821873398,2.34873339251659,3.11836805294303,3.39922805139174,3.89094871469137
"SA","Yorke Peninsula",138.024490356445,-34.2730674743652,1.87232452539902,2.00918020140503,2.24878272278113,2.25490951235374,2.41557578064734,2.69686512213979
"SA","Lower Eyre Peninsula",135.308288574219,-34.2018508911133,1.75851555324565,1.93511999581992,2.24431338086561,2.72873625052313,2.98073938400601,3.4219383750842
"SA","Tumby Bay",136.297836303711,-34.2082405090332,1.60294724693847,1.71684379183192,1.91625020396566,2.34192138603604,2.53205595871069,2.86493746091167
"SA","Yorke Peninsula",137.487152099609,-34.211742401123,1.92318199806705,2.08053776993497,2.35603120062745,2.86808025327872,3.12553859343273,3.57628838511472
"SA","Yorke Peninsula",138.039840698242,-34.2096405029297,1.8920060377056,2.03679511794557,2.29028718861201,2.25750648997717,2.41629094824527,2.69428567719392
"SA","Wakefield",138.137710571289,-34.197338104248,1.90127915456745,2.04980612768005,2.30984238111665,2.30047752247281,2.46540230907182,2.7541473276182
"SA","Wakefield",138.154418945312,-34.217830657959,1.90739422841896,2.05838612150462,2.32273787765016,2.30821517635729,2.47696730952381,2.77241312349587
"SA","Lower Eyre Peninsula",135.263961791992,-34.1757392883301,1.77724587694611,1.96140030993949,2.28381197568482,3.07419099401791,3.36359359854126,3.87027038214474
"SA","Tumby Bay",136.332229614258,-34.1622657775879,1.60403190566857,1.71836566473682,1.91853753740327,2.25512322234075,2.42618451269395,2.72567312489205
"SA","Yorke Peninsula",137.466354370117,-34.1796340942383,1.91903725919153,2.07472233175386,2.3472907557695,2.86319633186354,3.11908030670204,3.56707375016253
"SA","Lower Eyre Peninsula",135.259216308594,-34.1289978027344,1.73912550858429,1.90791403437246,2.20342356337747,2.83626087721081,3.10978151295964,3.58865265580456
"SA","Tumby Bay",136.357025146484,-34.1231880187988,1.60569761672842,1.72070280586611,1.92205019672999,1.84026190667928,1.97763730125966,2.21814972922098
"SA","Yorke Peninsula",137.476531982422,-34.1326103210449,1.94320699175168,2.10863462147319,2.39826000160578,2.68904249379833,2.95118690641921,3.41014092324683
"SA","Lower Eyre Peninsula",135.268127441406,-34.0861625671387,1.74157555836828,1.9113516726622,2.20859023989906,3.23428468317934,3.53674650201036,4.06628693852631
"SA","Tumby Bay",136.383270263672,-34.0608139038086,1.61036982914262,1.72725833645075,1.93190298027015,2.13734956241979,2.28675951989378,2.54834167398646
"SA","Yorke Peninsula",137.464599609375,-34.1275482177734,1.93872987363009,2.1023528255754,2.38881863382856,2.68064386682752,2.94037857926583,3.3951137704199
"SA","Lower Eyre Peninsula",135.266265869141,-34.0398864746094,1.7368522614746,1.90472446599823,2.19862972916802,3.24917643955274,3.54599172430573,4.06564639033986
"SA","Tumby Bay",136.467895507812,-34.0074310302734,1.61802719453847,1.73800230282044,1.94805086847487,2.17004498491455,2.32127592390152,2.58604619393228
"SA","Copper Coast",137.5546875,-34.0558128356934,1.96395584933147,2.13774711859493,2.44201529017483,2.26452589137066,2.47543357356968,2.84468396863739
"SA","Lower Eyre Peninsula",135.241180419922,-33.9765129089355,1.73668788145017,1.90449382616808,2.19828308379844,3.63903968135454,3.96400767524445,4.5329512000942
"SA","Cleve",136.513595581055,-33.9877281188965,1.61801286447387,1.73798219646215,1.94802064916715,2.16285004416191,2.31877462591189,2.59176237491963
"SA","Copper Coast",137.526107788086,-33.9984512329102,1.95766113613756,2.12891507475662,2.4287409693502,2.70303842281138,2.97213686217179,3.4432657656328
"SA","Elliston",135.191772460938,-33.9253692626953,1.73279274491166,1.89902860231996,2.19006900152413,3.51714164093141,3.82095101190778,4.35285069943281
"SA","Copper Coast",137.537673950195,-33.9754905700684,1.95715122059614,2.12819961778868,2.42766565705529,2.70169022849934,2.97199837752917,3.44524520182024
"SA","Elliston",135.183670043945,-33.9124450683594,1.73267683278494,1.89886596727162,2.18982456548548,3.52459823478787,3.82815066912394,4.35960052023265
"SA","Cleve",136.623336791992,-33.8943176269531,1.84466574000845,1.97037245948586,2.19045574590637,2.64366810921399,2.82666062003248,3.14703802975807
"SA","Elliston",135.132369995117,-33.8521461486816,1.72721001095183,1.89119552882605,2.17829610586096,3.18613238101769,3.45465620729941,3.92477909664037
"SA","Franklin Harbour",136.682769775391,-33.8711814880371,1.85391596789337,1.98335135394497,2.20996267002871,2.45132275542387,2.62847931704578,2.93863933438454
"SA","Franklin Harbour",136.719573974609,-33.8524932861328,1.85550034483223,1.98557437605089,2.21330381157808,2.45265959493571,2.6319733163917,2.9459100198741
"SA","Copper Coast",137.596405029297,-33.8713722229004,1.97484259015824,2.15302218662053,2.46497330049517,2.20817757816794,2.42100395587196,2.79361354139606
"SA","Elliston",135.083557128906,-33.8100700378418,1.71831524692218,1.87871538184852,2.15953878559049,3.00149649351911,3.25845872298849,3.70833994002023
"SA","Franklin Harbour",136.784591674805,-33.8199996948242,1.86959680004564,2.0053529595343,2.24303048271127,2.50105389404212,2.68793519108434,3.0151209628121
"SA","Franklin Harbour",136.845489501953,-33.804817199707,1.86933501959911,2.00498565822787,2.24247843887292,2.65847853583243,2.85055954205033,3.18684879757413
"SA","Copper Coast",137.638153076172,-33.8278846740723,1.98341925609834,2.16505601361729,2.48305981401652,2.88378449827163,3.18663644364102,3.71685990116846
"SA","Elliston",135.027328491211,-33.7490158081055,1.72350850146382,1.88600198099329,2.17049034522252,3.31046232114464,3.58609885467059,4.0686744433753
"SA","Copper Coast",137.661575317383,-33.8095550537109,1.99255337622427,2.17787199853853,2.50232188954995,2.88670972728525,3.1912815295995,3.72451605741953
"SA","Elliston",134.969116210938,-33.7140197753906,1.71425565699714,1.87301941523667,2.15097790324025,3.37048589622872,3.64763122526539,4.13284836468371
"SA","Franklin Harbour",136.99674987793,-33.7267532348633,1.90289358551553,2.05207131824048,2.31324690070222,2.69933654555934,2.91058749337495,3.28043886685752
"SA","Franklin Harbour",137.026382446289,-33.7231864929199,1.90142101242548,2.05000516690271,2.31014153163569,2.68402696943764,2.9062169952065,3.2952201549768
"SA","Franklin Harbour",137.09440612793,-33.7078552246094,1.91826881559025,2.07364413686797,2.34567025828457,2.71548102799793,2.94644879245165,3.35081973514664
"SA","Franklin Harbour",137.143447875977,-33.7029075622559,1.9310126936642,2.09152493403096,2.37254460837689,2.72270866773266,2.95224111191989,3.3540991419987
"SA","Barunga West",137.72705078125,-33.7447700500488,2.01895277880342,2.21491271408859,2.55799307402166,2.94670310932299,3.2636320992618,3.81850119422855
"SA","Elliston",134.905166625977,-33.6764717102051,1.71233337420025,1.87032228108476,2.14692418422629,3.40940221623315,3.68570787325393,4.16945494187934
"SA","Franklin Harbour",137.193161010742,-33.6765327453613,1.93407781134087,2.09582556741266,2.37900834296685,2.76653186658673,3.00362983607166,3.41873334481651
"SA","Barunga West",137.754730224609,-33.7102966308594,2.0308564651369,2.23161464732945,2.58309562381525,2.94031230222884,3.25411142813409,3.80350085769061
"SA","Franklin Harbour",137.219360351562,-33.6563186645508,1.93408974491004,2.09584231127418,2.37903350853369,2.74649539310996,2.98068741372749,3.39070328054224
"SA","Barunga West",137.806015014648,-33.665843963623,2.04397238690197,2.25001745496194,2.61075454139533,2.92432022837661,3.22957680735014,3.76401022014838
"SA","Elliston",134.83757019043,-33.6056938171387,1.72915462028283,1.89392398909592,2.1823969071752,2.94401465178503,3.21287281309957,3.68358104547624
"SA","Franklin Harbour",137.260025024414,-33.6035957336426,1.95956033432525,2.13157981914363,2.43274600743157,2.65689914943554,2.88647372310949,3.28840551214032
"SA","Barunga West",137.861618041992,-33.6160011291504,2.05886851351958,2.27091804872296,2.64216756335126,2.84759120466768,3.12492868911239,3.61048224804655
"SA","Elliston",134.845581054688,-33.563663482666,1.72724542039475,1.89124521143153,2.17837077746095,2.93652205438934,3.24826809231844,3.79406304139706
"SA","Franklin Harbour",137.272903442383,-33.5749588012695,1.96886988769949,2.14464195255364,2.45237803742516,2.65404851049038,2.88085692948985,3.27794582377299
"SA","Barunga West",137.894073486328,-33.5795211791992,2.72892628006764,2.9444598666505,3.32180914651682,3.34645069068851,3.59306190044474,4.02482088466551
"SA","Elliston",134.854598999023,-33.5280914306641,1.73428052841159,1.90111609521893,2.19320644637464,2.78839284587983,3.08004771208278,3.59066768308613
"SA","Franklin Harbour",137.299240112305,-33.5179252624512,1.98208563083615,2.16318481847038,2.48024745878367,2.64724698448781,2.87033767835674,3.26091769890477
"SA","Barunga West",137.930084228516,-33.5152359008789,2.74907704085516,2.97273318064728,3.36430316575395,3.33976136532464,3.58136017159223,4.00434360079709
"SA","Elliston",134.85090637207,-33.4759483337402,1.76540117374546,1.94478113529286,2.25883380979949,2.88494615478444,3.19229637407581,3.73039526508909
"SA","Franklin Harbour",137.316253662109,-33.4741325378418,2.49149218307058,2.67462216179305,2.99524024590912,3.02324487712082,3.23613704148705,3.60886180418612
"SA","Barunga West",137.905914306641,-33.4793663024902,2.74581966555396,2.96816279267697,3.35743399738005,3.32353582669095,3.55764656519631,3.96752012590006
"SA","Elliston",134.839385986328,-33.4370346069336,1.75216312852874,1.92620697756935,2.23091735770951,2.87013780803847,3.17166792844085,3.69957717727667
"SA","Franklin Harbour",137.363555908203,-33.4304351806641,2.49557189866657,2.68034636651561,3.00384356936902,2.99437241640504,3.20067239053108,3.56185575831664
"SA","Port Pirie",137.885498046875,-33.4337196350098,2.74386989642155,2.96542709274566,3.3533223150523,3.28054919463351,3.49975743057316,3.88354016849366
"SA","Elliston",134.814239501953,-33.3729438781738,2.05120274343728,2.21241478276978,2.49465964266547,3.20959550052003,3.50325089634089,4.01737333033685
"SA","Franklin Harbour",137.388092041016,-33.3740463256836,2.50746203746455,2.6970292913563,3.02891755005597,2.96014258852978,3.16272028351901,3.51738680456155
"SA","Port Pirie",137.862121582031,-33.3922424316406,2.72990786503948,2.94583711788265,3.32387911752765,3.24940117563534,3.46237661325935,3.83524716810317
"SA","Elliston",134.80207824707,-33.3401069641113,2.06430966611743,2.23080496388375,2.52229958293284,3.1850276424956,3.47396987838364,3.9798406633687
"SA","Franklin Harbour",137.386566162109,-33.3469276428223,2.5119741004024,2.70336011794693,3.03843260962629,2.92683442567955,3.12821297787109,3.48078007822313
"SA","Port Pirie",137.850677490234,-33.3456192016602,2.7236754607272,2.93709249896062,3.310736193966,3.24889228655456,3.46108674167223,3.83258997743122
"SA","Elliston",134.750427246094,-33.2929801940918,2.04884004346693,2.20909970405655,2.48967716984222,3.75682436737488,4.08921198093258,4.67114553755836
"SA","Whyalla",137.401565551758,-33.2910270690918,2.52218693692787,2.71768963815349,3.05996948738266,2.8571338675369,3.05468293415796,3.40054549418668
"SA","Port Pirie",137.810272216797,-33.2857513427734,2.71429572427201,2.92393189243062,3.29095616156083,3.16580485875336,3.36873538080092,3.72401962012342
"SA","Streaky Bay",134.629516601562,-33.2479209899902,2.02530247217004,2.17607439295214,2.44004102865469,3.84256864367847,4.16693170387641,4.73481613025039
"SA","Elliston",134.684005737305,-33.254810333252,2.03095379969854,2.18400370933858,2.45195857475847,3.73366054365856,4.05105595452676,4.60674164427396
"SA","Whyalla",137.418273925781,-33.2557182312012,2.5272683876207,2.72481936653012,3.07068527453186,2.86244527477346,3.06163725337606,3.41037617092726
"SA","Port Pirie",137.807678222656,-33.2593383789062,2.70950899361109,2.91721568253556,3.28086188140273,3.15614917187655,3.35935999202522,3.71513496825919
"SA","Streaky Bay",134.545349121094,-33.1910858154297,2.024692710803,2.17521884338876,2.43875516101257,3.74943669121037,4.06367842315501,4.61384275314756
"SA","Streaky Bay",134.581817626953,-33.2057342529297,2.0276463425333,2.1793630520478,2.44498379351386,3.67802425745122,3.98257506402221,4.51577283316939
"SA","Whyalla",137.442199707031,-33.2197113037109,2.5290316702809,2.72729340931403,3.07440369330884,2.83972548347627,3.03801103739941,3.38516301573865
"SA","Port Pirie",137.821151733398,-33.226146697998,2.70623181054142,2.91261750250002,3.27395094231337,3.15333434386453,3.35846255837352,3.71759444706164
"SA","Streaky Bay",134.309631347656,-33.1851959228516,2.0220218410814,2.17147137503858,2.43312281836672,3.85070907995798,4.16217614064495,4.70748266532955
"SA","Streaky Bay",134.414978027344,-33.1612815856934,2.02086663245982,2.16985051434582,2.43068670898575,2.64685612406172,2.8425267715191,3.18510065561598
"SA","Streaky Bay",134.478668212891,-33.1595458984375,2.02279216764338,2.17255221188622,2.43474728664804,2.82774395860006,3.04018636063132,3.41212369388193
"SA","Whyalla",137.450042724609,-33.1701965332031,2.53767064510261,2.73941466122707,3.09262160409317,2.88269081750543,3.08529356938638,3.44000395923005
"SA","Port Pirie",137.850769042969,-33.1842231750488,2.70963507861644,2.91739259103962,3.28112777005573,3.1669290521419,3.37665957300215,3.74384903181151
"SA","Port Pirie",137.893035888672,-33.1661376953125,2.70538237517564,2.91142566894745,3.2721596490141,3.16622720912848,3.375603996072,3.74217414890284
"SA","Port Pirie",137.92903137207,-33.1640663146973,2.71008733154294,2.91802714221769,3.28208148315676,3.15926977891831,3.36914303140411,3.73658238015855
"SA","Streaky Bay",134.260528564453,-33.1256637573242,2.07699192002273,2.24859929684382,2.54904397968815,3.43744666671647,3.73026692481339,4.24292722650916
"SA","Whyalla",137.474792480469,-33.1270484924316,2.53685818423803,2.73827470619625,3.09090828279612,2.89502073445676,3.10049434372811,3.46023093847117
"SA","Whyalla",137.517532348633,-33.113525390625,2.54136785068043,2.7446021702901,3.10041828862553,2.9498112988669,3.16126096695674,3.531460253512
"SA","Streaky Bay",134.238632202148,-33.0751266479492,2.02482344207503,2.17540227101923,2.43903084773463,3.13190175355087,3.38186433736062,3.81949079961907
"SA","Unincorporated SA",137.564193725586,-33.0747947692871,2.54778043232388,2.75359959407209,3.11394117099158,2.95493333142064,3.164932873795,3.53259332682957
"SA","Mount Remarkable",138.025192260742,-33.0680351257324,2.70633241444211,2.9127586587424,3.27416309629291,3.12222876665769,3.33811896544696,3.71609259050892
"SA","Streaky Bay",134.156143188477,-33.0373878479004,2.02896607790353,2.18121475843786,2.44776685767711,3.17114078660706,3.42516647059539,3.86990647812869
"SA","Whyalla",137.719528198242,-32.996898651123,2.55158655617435,2.75893992518266,3.12196754289021,2.99053785820277,3.20662719126686,3.58494945422043
"SA","Whyalla",137.738174438477,-32.996997833252,2.55064859720126,2.75762388511638,3.11998957059097,2.99052926542891,3.20654127895773,3.58472817335265
"SA","Mount Remarkable",138.005615234375,-33.0324020385742,2.70394971107098,2.90941551347442,3.26913844020392,3.11621305545664,3.33148893654101,3.70838703389876
"SA","Streaky Bay",134.16569519043,-33.0062026977539,2.04011503934946,2.19685774537134,2.47127784007391,3.00740005473733,3.26623478907652,3.71939432748438
"SA","Mount Remarkable",137.944869995117,-32.9926071166992,2.70396492148086,2.90943685503562,3.26917051598789,3.11518575879942,3.33000060096183,3.70609152618484
"SA","Streaky Bay",134.147842407227,-32.9440498352051,2.03049191188219,2.18335563955101,2.45098454355635,3.0274292560816,3.26877867629075,3.69132548839543
"SA","Whyalla",137.792358398438,-32.912654876709,2.54800672996538,2.75391710983947,3.11441838852358,2.75516558295392,2.9566696167472,3.30945640625675
"SA","Mount Remarkable",137.931793212891,-32.945686340332,2.7067017192813,2.91327682635845,3.27494188807681,2.98674011973129,3.1903748961793,3.54689212148357
"SA","Streaky Bay",134.106796264648,-32.9153175354004,2.04625825979546,2.20547723137749,2.4842326922784,3.33970751039831,3.60893160878927,4.08028051204446
"SA","Whyalla",137.802703857422,-32.8964157104492,2.54896938751399,2.7552678042093,3.11644844529519,2.72762036433645,2.9295293301171,3.28302506154266
"SA","Mount Remarkable",137.92333984375,-32.8952827453613,2.70633916375582,2.91276812863129,3.27417732927744,2.99129568886322,3.19640440591673,3.55550215908612
"SA","Streaky Bay",134.102554321289,-32.8653297424316,2.02969463697343,2.18223699177019,2.44930324647447,3.91221696619061,4.2648424653912,4.88220786210486
"SA","Whyalla",137.811965942383,-32.8540534973145,2.55318707277642,2.76118559267506,3.12534271983738,2.7597316259895,2.96308632119386,3.31911318925369
"SA","Mount Remarkable",137.904113769531,-32.858211517334,2.55027846092487,2.75710455091981,3.11920902546839,2.80671825873425,3.01146965386608,3.36994181929313
"SA","Streaky Bay",134.122131347656,-32.8045616149902,2.0346395607879,2.18917516076393,2.45973112509967,3.0170693774614,3.26545858167127,3.70033042146751
"SA","Whyalla",137.813766479492,-32.8274917602539,2.55418484631956,2.76258555791608,3.12744682938358,2.76499481097893,2.96959485933047,3.32780205167627
"SA","Mount Remarkable",137.896591186523,-32.8130378723145,2.55341997300742,2.76151237246417,3.1258338609412,2.81281116657187,3.01897034107502,3.37990720140372
"SA","Streaky Bay",134.071029663086,-32.7439575195312,2.02939864533171,2.18182168910667,2.44867905790659,2.97516070398046,3.21596346600665,3.63755320652473
"SA","Whyalla",137.80729675293,-32.7693710327148,2.55765399356535,2.76745308080594,3.13476258343146,2.77696289351921,2.98552888991525,3.35067953670036
"SA","Port Augusta",137.890808105469,-32.7710227966309,2.56100302259037,2.77215206712249,3.14182503160974,2.7882001087242,2.9942116427379,3.35489001884026
"SA","Streaky Bay",134.058029174805,-32.7256622314453,2.0363105294653,2.19151967879942,2.46325487171506,3.14355414544616,3.39856698422534,3.8450352706564
"SA","Streaky Bay",134.09358215332,-32.7097091674805,2.05956851777806,2.2241527100499,2.5123014269891,2.99953060125731,3.24700206477213,3.68026715363975
"SA","Streaky Bay",134.139633178711,-32.713020324707,2.08863204076511,2.26493142406125,2.57359072112212,3.02703205322893,3.28167010320519,3.72748222143931
"SA","Streaky Bay",134.258987426758,-32.6792335510254,2.12536004527225,2.31646408899907,2.65104290997616,2.90461936624451,3.16198510827074,3.61257278212511
"SA","Streaky Bay",134.27360534668,-32.6319274902344,2.12477251262318,2.31563972830889,2.64980391835917,3.83742602708378,4.16572096899352,4.74048920756576
"SA","Port Augusta",137.836624145508,-32.6410903930664,2.57427134190265,2.79076870210125,3.16980532585499,2.82987811788145,3.04885630750363,3.43223628772123
"SA","Streaky Bay",134.260116577148,-32.5783805847168,2.11731941178313,2.30518236332291,2.63408678421158,4.05959917408129,4.41974879852245,5.050287192012
"SA","Ceduna",133.895065307617,-32.5452919006348,2.00727138715133,2.15077517304612,2.40201699166021,3.01166864258749,3.2443538785542,3.6517317152043
"SA","Ceduna",133.908020019531,-32.5220603942871,2.02087810140232,2.1698666062947,2.4307108947457,4.32109684770473,4.65780587808317,5.24730523246317
"SA","Streaky Bay",134.228332519531,-32.5367660522461,2.10832595126754,2.29256373637594,2.61512133232675,4.05978608686887,4.4193877716967,5.04896685011257
"SA","Ceduna",133.845886230469,-32.5071868896484,2.05459009193542,2.21716753472362,2.50180289912911,2.6631574872298,2.88657628640868,3.2777307431937
"SA","Ceduna",133.997283935547,-32.5039138793945,2.03635997552443,2.1915890560289,2.46335914379736,3.42271323072265,3.69462239881905,4.17067223586282
"SA","Ceduna",134.070877075195,-32.4695320129395,2.06569845968297,2.23275356507899,2.5252282773436,3.92423226893139,4.26316889838397,4.85656826166642
"SA","Ceduna",134.090408325195,-32.47021484375,2.0712476182525,2.24053952930679,2.53693036906561,3.9487358250127,4.29712251036365,4.90706672795156
"SA","Streaky Bay",134.175994873047,-32.4855194091797,2.09062387083803,2.26772613924216,2.57779110175927,3.50610296693259,3.82113317282248,4.37267793767046
"SA","Ceduna",133.846725463867,-32.4609375,2.03109027766884,2.18419520009909,2.45224638014489,3.75139021952833,4.07318413018081,4.63657057205863
"SA","Ceduna",133.860244750977,-32.413387298584,2.06423581493119,2.23070134408502,2.52214384520357,3.61799737052537,3.9431509155285,4.51241929730684
"SA","Unincorporated SA",133.836181640625,-32.352294921875,2.08354687305895,2.2577964803835,2.56286709551768,4.01709433059626,4.37239750663496,4.99445089394252
"SA","Ceduna",133.767166137695,-32.2666244506836,2.06519544017946,2.23204778386709,2.52416750744591,3.56226022965943,3.88375211703797,4.44660978626958
"SA","Ceduna",133.777847290039,-32.2665901184082,2.06572281590199,2.23278773902585,2.52527963985298,3.56578791383551,3.88806287343757,4.45229152036369
"SA","Ceduna",133.851272583008,-32.2766571044922,2.08604441257924,2.26130075100739,2.5681339186188,3.17176994132338,3.45382764342493,3.94764520780649
"SA","Ceduna",133.239868164062,-32.2043533325195,1.9937512890929,2.13180527003831,2.3735057452095,2.62816853035921,2.82785531850179,3.17746053270099
"SA","Ceduna",133.253402709961,-32.2127876281738,1.97773815105667,2.10933740966588,2.33973716431402,2.59407455646622,2.78070427916126,3.10744960260322
"SA","Unincorporated SA",133.678817749023,-32.2343902587891,2.04784835897855,2.20770828230225,2.48758590092336,3.15634718666134,3.42191816372523,3.88687129950912
"SA","Unincorporated SA",133.150283813477,-32.1936683654785,1.97335601240769,2.10318887843639,2.3304960896959,2.61612856845742,2.80490880726307,3.13541918523108
"SA","Ceduna",133.3134765625,-32.1855735778809,1.99249797088222,2.13004675284472,2.37086274186501,2.68296552810145,2.88591607989094,3.2412353866422
"SA","Ceduna",133.368133544922,-32.1918525695801,2.00268811406305,2.14434443226545,2.39235176378936,2.76526468406721,2.97894967924185,3.3530625046524
"SA","Ceduna",133.427627563477,-32.1941261291504,2.01323310974826,2.15914000138797,2.41458910034594,2.90009294127154,3.13140935334925,3.53639069710482
"SA","Unincorporated SA",133.109451293945,-32.1493606567383,1.99960893531615,2.14002406994857,2.3858583771483,2.65465472755984,2.86353800610803,3.22924414029315
"SA","Ceduna",133.520812988281,-32.1467399597168,2.07047804976561,2.23945975610609,2.5353074994166,3.55060569857694,3.86287582180073,4.40958832257824
"SA","Ceduna",133.578567504883,-32.1495704650879,2.04320375517007,2.20119148905296,2.47779133854094,3.52916335196782,3.83188262001126,4.36187379033837
"SA","Unincorporated SA",132.977661132812,-32.1035575866699,1.96718024364087,2.09452372423418,2.31747259943921,3.00328930733986,3.2289399047415,3.62400172216356
"SA","Unincorporated SA",132.992446899414,-32.105827331543,1.96819371667458,2.09594571726022,2.31960981614507,2.92039864907881,3.13446681163937,3.50925047420081
"SA","Unincorporated SA",132.216537475586,-32.0306205749512,1.93754329798304,2.05294044709021,2.25497406887784,2.89983142026895,3.10275924145565,3.4580387521977
"SA","Unincorporated SA",132.265014648438,-32.0361747741699,1.9455538530089,2.06417997000067,2.27186676503746,2.88751248022895,3.09185868708731,3.44962146190095
"SA","Unincorporated SA",132.311965942383,-32.0363311767578,1.94260205533123,2.060038334681,2.265642000195,2.87838151192987,3.078926345828,3.43003379897324
"SA","Unincorporated SA",132.916961669922,-32.0495147705078,1.97248432386992,2.10196582169943,2.32865786880272,3.02223890815496,3.25176949919678,3.65362428484813
"SA","Unincorporated SA",132.165283203125,-32.0149269104004,1.98097933778658,2.11388508362733,2.34657219415255,3.38987067657658,3.64895804983584,4.10255990034951
"SA","Unincorporated SA",132.368988037109,-32.0129013061523,1.95033860289296,2.0708934006892,2.28195686812401,2.817089097928,3.01189844676821,3.35296439691337
"SA","Unincorporated SA",132.472396850586,-32.0139274597168,1.94349147304451,2.06128626703189,2.26751760845697,2.51501453624501,2.68626224514119,2.98607723293607
"SA","Unincorporated SA",132.848297119141,-32.009693145752,1.95536248878699,2.07794236052072,2.29255126235443,2.96279092826525,3.18040612943505,3.5613998332531
"SA","Unincorporated SA",132.113922119141,-31.9684658050537,1.97068895751557,2.0994467626321,2.32487179178044,3.63372487384309,3.91151180519377,4.39785224133342
"SA","Unincorporated SA",132.520324707031,-31.9427661895752,1.94410331300453,2.06214473304655,2.26880785944578,2.41865867459123,2.58290246967902,2.87045523016289
"SA","Unincorporated SA",132.580688476562,-31.937349319458,1.94798683387634,2.06759365907864,2.27699744654744,2.52554214731873,2.70050809391756,3.00683285284238
"SA","Unincorporated SA",132.633117675781,-31.9477863311768,1.95343957018519,2.07524433427783,2.28849620255208,2.72642919031731,2.91903012210987,3.25622964662834
"SA","Unincorporated SA",132.677658081055,-31.9606323242188,1.94707875773422,2.06631954728853,2.27508249130289,2.93897112150023,3.14886016515066,3.51632716056891
"SA","Unincorporated SA",132.737106323242,-31.957389831543,1.95717423934489,2.08048440808645,2.29637189046233,3.01226289691992,3.23628140549783,3.6284858142344
"SA","Unincorporated SA",132.793395996094,-31.9670734405518,1.99532145823733,2.13400835734189,2.37681692529508,3.20839455893615,3.46231043420151,3.90685819215001
"SA","Unincorporated SA",132.013717651367,-31.8924770355225,1.97941420617339,2.11168906442923,2.34327163723659,2.6644556561261,2.85342341747624,3.18426210389142
"SA","Unincorporated SA",132.059448242188,-31.9186496734619,1.97224186211117,2.10162562623438,2.32814656430415,2.64440486175863,2.8284880077965,3.15077486663003
"SA","Unincorporated SA",131.970077514648,-31.8648357391357,1.97304126452097,2.10274725908888,2.32983234787028,3.22634553630594,3.46495009329856,3.88269128705618
"SA","Unincorporated SA",131.866165161133,-31.8002967834473,1.96312075153196,2.0888278948671,2.3089119233641,3.19881999523935,3.43079527936919,3.83693015514884
"SA","Unincorporated SA",131.903350830078,-31.8179912567139,1.98281642272492,2.11646267758759,2.35044624752123,3.23793949383542,3.48374012990161,3.91407998774367
"SA","Unincorporated SA",131.816452026367,-31.7617855072021,1.97521273393627,2.10579402428352,2.33441155279852,3.51722191077067,3.78906038334093,4.26498644892848
"SA","Unincorporated SA",131.749893188477,-31.7228736877441,1.96294250606959,2.08857780059128,2.3085360384937,3.453412515738,3.71497521812754,4.17291079536823
"SA","Unincorporated SA",129.05632019043,-31.6806087493896,1.94166091733356,2.0587178341598,2.26365732395377,2.91615506261145,3.1176016883255,3.47028796961406
"SA","Unincorporated SA",129.103088378906,-31.6748466491699,1.94125720566689,2.05815139069713,2.26280597489004,3.11078239562938,3.32931742721142,3.71192154056778
"SA","Unincorporated SA",129.161315917969,-31.6735076904297,1.94019514246528,2.05666122133331,2.26056629100933,3.16799360576599,3.38673078791273,3.7696888199841
"SA","Unincorporated SA",129.220596313477,-31.6642150878906,1.93955094981672,2.05575736161211,2.25920781451858,3.0787792536978,3.28644767714089,3.65002688203244
"SA","Unincorporated SA",129.265991210938,-31.6626873016357,1.9410824326775,2.05790616861052,2.26243741278703,3.11401770277737,3.32513070954547,3.69474058027312
"SA","Unincorporated SA",129.315948486328,-31.6522197723389,1.94101427928148,2.05781054331944,2.26229369058457,3.10170035705371,3.31227977622831,3.68095545893753
"SA","Unincorporated SA",129.355773925781,-31.6487083435059,1.94131210497585,2.05822841932235,2.2629217468113,3.1897826285406,3.40810245868282,3.79032980427114
"SA","Unincorporated SA",129.425933837891,-31.6450424194336,1.94038294945541,2.05692473128505,2.26096233927449,3.21743047776498,3.43800046015529,3.82416730001862
"SA","Unincorporated SA",129.472854614258,-31.6405601501465,1.94142422672713,2.05838573613598,2.26315818968836,3.22886855256112,3.45025628465137,3.83785481442101
"SA","Unincorporated SA",131.651901245117,-31.6733074188232,1.96894335512282,2.09699752683974,2.32119065723469,3.4429141215508,3.70681856888627,4.16885399795511
"SA","Unincorporated SA",131.689712524414,-31.6900215148926,1.96809504464266,2.09580727160198,2.3194017360995,3.45768018216859,3.72340025858108,4.18861443271506
"SA","Unincorporated SA",129.529388427734,-31.6297702789307,1.94063377449418,2.05727666117763,2.26149128029736,3.17903898150615,3.39666579440627,3.77767982766875
"SA","Unincorporated SA",129.572463989258,-31.6263446807861,1.9399649566322,2.05633825008646,2.2600808740406,3.24852169328193,3.47206883263791,3.86344798328238
"SA","Unincorporated SA",129.628784179688,-31.62229347229,1.94224443952085,2.05953656781455,2.2648878582901,3.27072206708595,3.49905396875927,3.89881012756941
"SA","Unincorporated SA",129.693832397461,-31.6235198974609,1.94130222554564,2.05821455760093,2.26290091302235,3.32274838716144,3.55889336675981,3.97232841142387
"SA","Unincorporated SA",129.735946655273,-31.6218967437744,1.94037218967995,2.05690963436073,2.26093964900929,3.31660905164369,3.55256980098781,3.96568230124071
"SA","Unincorporated SA",129.787750244141,-31.6160411834717,1.93908959998914,2.05511004667075,2.25823491782973,3.27981055114337,3.5121584555017,3.91894570280786
"SA","Unincorporated SA",129.832595825195,-31.6155910491943,1.94041811435799,2.05697407077861,2.26103649518662,3.21550165496766,3.44403819120909,3.84415261764767
"SA","Unincorporated SA",131.550842285156,-31.6270198822021,1.96018193894696,2.08470447879019,2.30271454154622,3.37532514298513,3.62810628211311,4.07066738048308
"SA","Unincorporated SA",131.594345092773,-31.6472778320312,1.95862881426506,2.08252530638717,2.29943930490346,3.35697242338752,3.60642811278346,4.04316712058503
"SA","Unincorporated SA",129.888397216797,-31.5991954803467,1.94137646799642,2.05831872637872,2.26305747585217,3.08442301996143,3.30367561310515,3.68753601019367
"SA","Unincorporated SA",129.949752807617,-31.5961685180664,1.94258481523643,2.0600141452909,2.26560564420191,3.30467302693945,3.5404325522916,3.9531927560432
"SA","Unincorporated SA",129.994247436523,-31.5926780700684,1.94401968020425,2.06202738877117,2.26863149420271,3.25105145248115,3.48489596890484,3.89430343653977
"SA","Unincorporated SA",130.050231933594,-31.5961151123047,1.94573574212251,2.06443517664403,2.27225033365676,3.36356318435726,3.60978744157948,4.04086896173367
"SA","Unincorporated SA",130.118804931641,-31.5930976867676,1.94710827375467,2.06636096089683,2.2751447348258,3.38961640054817,3.6403372756901,4.07929133005453
"SA","Unincorporated SA",130.15576171875,-31.5828647613525,1.94667443471667,2.06575224604607,2.27422985301954,3.2976746775212,3.53576309408726,3.95260064576588
"SA","Unincorporated SA",130.215423583984,-31.5854110717773,1.94717963062931,2.06646108095402,2.27529521253905,3.35876679815449,3.60372399677101,4.0325871914197
"SA","Unincorporated SA",130.254623413086,-31.5786609649658,1.94814585846706,2.06781678475783,2.27733279835321,3.30518350172222,3.54564398384749,3.96663447170999
"SA","Unincorporated SA",130.329986572266,-31.5885944366455,1.94941025435569,2.06959084492123,2.27999916235708,3.40440630410903,3.65782636440444,4.10150606543047
"SA","Unincorporated SA",130.372512817383,-31.5924854278564,1.94989843025985,2.0702757992398,2.28102863000256,3.45830497381789,3.7138282358729,4.16119015497909
"SA","Unincorporated SA",130.413299560547,-31.5909996032715,1.95118823389102,2.07208550873131,2.28374857397355,3.44011930229334,3.69271636888158,4.13495519896188
"SA","Unincorporated SA",130.47998046875,-31.599027633667,1.95073940452945,2.07145576112007,2.28280208050238,3.40879029681066,3.65951769739016,4.09848317628109
"SA","Unincorporated SA",130.524963378906,-31.5999298095703,1.94969054650685,2.06998411979973,2.28059024376532,3.38589485855561,3.63305306163813,4.06576970420364
"SA","Unincorporated SA",130.587509155273,-31.5946865081787,1.94938315928472,2.0695528281209,2.27994202414383,3.36293739701702,3.60973388188607,4.04181723982281
"SA","Unincorporated SA",130.632949829102,-31.6012134552002,1.94937521172328,2.06954167698362,2.27992526428886,3.4288361220403,3.68090460847052,4.12221801738957
"SA","Unincorporated SA",130.681182861328,-31.6080703735352,1.94701216939644,2.06622611791372,2.27494206950263,3.40466117854982,3.65350008595173,4.08915925165087
"SA","Unincorporated SA",130.739852905273,-31.609992980957,1.94513282788532,2.06358923421432,2.27097890527429,3.45076880697925,3.70533127227977,4.15101105929161
"SA","Unincorporated SA",130.789611816406,-31.6127681732178,1.94624751617062,2.06515324126253,2.2733295651793,3.44374868677108,3.69296378269213,4.12928156716641
"SA","Unincorporated SA",130.838287353516,-31.6013946533203,1.94294277340329,2.06051639251402,2.26636050806979,3.31883696927395,3.55421040952187,3.96629466787508
"SA","Unincorporated SA",130.885787963867,-31.5917358398438,1.94413182640956,2.062184739896,2.26886798864855,3.27646100226102,3.51125998714474,3.9223385074994
"SA","Unincorporated SA",130.931213378906,-31.5771179199219,1.94499253508553,2.06339239090791,2.27068305515747,3.20510272827623,3.4332743328712,3.83274984870573
"SA","Unincorporated SA",131.437576293945,-31.5794830322266,1.95612794899598,2.07901636944123,2.29416546844764,3.35050589977915,3.59793052208647,4.03111360287266
"SA","Unincorporated SA",131.485397338867,-31.5951290130615,1.96717283406821,2.09451332794311,2.31745697409749,3.39257574315448,3.65304887489754,4.10907686685033
"SA","Unincorporated SA",130.997650146484,-31.5531368255615,1.94338698095222,2.06113965531004,2.26729725504069,3.1983060729714,3.42400331443743,3.81914679478904
"SA","Unincorporated SA",131.023834228516,-31.5464344024658,1.94340047957963,2.06115859508782,2.26732572100975,3.21527022110589,3.44349002719594,3.84304993265972
"SA","Unincorporated SA",131.380752563477,-31.5541572570801,1.96468074779776,2.09101670871496,2.31220165083531,3.15745345959622,3.3908534774065,3.79948273114757
"SA","Unincorporated SA",131.073684692383,-31.5080394744873,1.94231271518706,2.0596323646616,2.26503183833651,2.70481300366799,2.88808482687193,3.20895124774971
"SA","Unincorporated SA",131.278564453125,-31.5154247283936,1.95085062148142,2.07161180841962,2.2830366153344,3.02355136414873,3.23480919225956,3.60467261154195
"SA","Unincorporated SA",131.315841674805,-31.5268726348877,1.96098840857294,2.08583602757906,2.30441522849108,3.09688461152316,3.32242429620033,3.71729193118715
"SA","Unincorporated SA",131.15950012207,-31.4727210998535,1.94787189991103,2.06743239647797,2.27675507326018,2.91439827542031,3.1187966857793,3.47665085680489
"SA","Unincorporated SA",131.206832885742,-31.4837474822998,1.9559204320535,2.07872520466903,2.29372785574216,2.99929346931193,3.21357799645679,3.58874046318222
NA,NA,NA,NA,NA,NA,NA,NA,NA,NA
NA,NA,NA,NA,NA,NA,NA,NA,NA,NA
