"state","lga","longitude","latitude","SWL_pc5","SWLpc50","SWLpc95","MTWL_pc5","MTWLpc50","MTWLpc95"
"SA","Onkaparinga",138.421051025391,-35.1084899902344,2.45065878949875,2.65422290529818,3.01061642020871,3.44214474141864,3.8200994072569,4.48181029527829
"SA","Ceduna",133.631576538086,-32.1934509277344,2.16637391418616,2.37401020382089,2.73753314987301,3.83493345998273,4.31161614524955,5.14617687827489
"SA","Port Pirie",138,-33.1237258911133,2.80618407301326,3.05285943834323,3.48473074408165,3.76199242888654,4.13249610867297,4.7811620496607
"SA","Port Adelaide Enfield",138.473678588867,-34.782169342041,2.38190943659463,2.58950834108383,2.95296583442406,3.17463726550071,3.51995287429853,4.1245203497085
"SA","Charles Sturt",138.473663330078,-34.8685684204102,2.46138375190941,2.66927098378204,3.03323327144333,3.2540846485885,3.59956817871606,4.20442964539605
"SA","Victor Harbor",138.631576538086,-35.5991897583008,1.55785118037835,1.70875707195714,1.97295825942704,2.38608218873848,2.57441600377838,2.90414479735765
"SA","Unincorporated SA",135.894729614258,-34.6957054138184,1.65037705234231,1.78339203758448,2.01627040094464,3.44226270590291,3.70955382771783,4.17751853767613
"SA","Unincorporated SA",133.052627563477,-32.1043510437012,2.10147651650034,2.28295336871214,2.60067721203622,3.91400877708187,4.32390647641777,5.04154220139003
"SA","Grant",140.684204101562,-38.0832366943359,1.0677865593487,1.15550951963774,1.30909206061256,3.59486353757059,3.89926264302209,4.43219481872231
"SA","Copper Coast",137.57893371582,-33.9133415222168,2.04612026786224,2.25303112345107,2.61528400287854,3.30649716632996,3.70685104765542,4.40777776262827
"SA","Unincorporated SA",137.631576538086,-33.0355453491211,2.62065728016284,2.85585230918163,3.26762421088595,3.55084812884391,3.90098896098939,4.5140042824372
"SA","Onkaparinga",138.421051025391,-35.0841407775879,2.45155275374597,2.65547721684156,3.01250161622286,3.44273955671433,3.82100757241204,4.48326706330169
"SA","Yorke Peninsula",137.789474487305,-35.041072845459,2.13179105735598,2.31665529222924,2.64030965630511,2.87730331451736,3.18415258908924,3.72137444217935
"SA","Onkaparinga",138.421051025391,-35.1702117919922,2.44759022844071,2.6499174405454,3.00414542419988,3.44830166204641,3.82665287659159,4.48905802935087
NA,NA,NA,NA,NA,NA,NA,NA,NA,NA
"SA","Kingston (SA)",139.684204101562,-36.9564933776855,1.58861261770449,1.75191811116974,2.03782812331367,3.7546024574101,4.11457778520536,4.74481102572618
"SA","Kangaroo Island",137.210525512695,-36.0258827209473,1.97808056512154,2.10098576702525,2.31616424647007,3.08614854279532,3.27913202825225,3.61700131543767
"SA","Elliston",134.842086791992,-33.650936126709,1.75540033443266,1.93074906607701,2.23774399276344,3.88852226457676,4.33865067688541,5.12672104181082
"SA","Port Augusta",137.789474487305,-32.6376457214355,2.61301405073465,2.84512817683491,3.25150613267641,3.58341699442028,3.94285456219807,4.57214630975455
"SA","Unincorporated SA",132.421051025391,-32.0151634216309,2.04973068578099,2.21034935463152,2.49155536054807,3.9524974308756,4.34579841560544,5.03437714577689
"SA","Unincorporated SA",136.57893371582,-35.1702117919922,1.66899452654115,1.80951401379178,2.05553101820341,3.90959341040719,4.28975574265995,4.95533174212362
"SA","Wattle Range",140,-37.5011253356934,1.10436634712702,1.20683422329025,1.38623168933092,3.70554519318158,4.02907148743774,4.59549093088001
NA,NA,NA,NA,NA,NA,NA,NA,NA,NA
NA,NA,NA,NA,NA,NA,NA,NA,NA,NA
"SA","Unincorporated SA",136.157897949219,-34.9979820251465,1.64985939881558,1.78266572353326,2.01517877074988,2.94991827936337,3.21217476922937,3.67132500729752
NA,NA,NA,NA,NA,NA,NA,NA,NA,NA
"SA","Kangaroo Island",137.947372436523,-35.684700012207,1.64817443181481,1.83548864680938,2.1634323573816,2.36129313045026,2.63944827338624,3.12643336254149
"SA","Cleve",136.578948974609,-33.9569969177246,1.96723624102617,2.14234980061746,2.44893299562775,2.85914027688051,3.17874318563096,3.73829369175962
"SA","Lower Eyre Peninsula",136.052627563477,-34.8685684204102,1.64567648431845,1.77679672155134,2.0063578209613,2.30103189309717,2.51108079209466,2.87882765711955
"SA","Whyalla",137.789474487305,-32.9914245605469,2.6209152342417,2.85621424175307,3.26816818566213,3.57000104369078,3.92690127499372,4.55175073535617
"SA","Yorke Peninsula",137.368423461914,-34.9117164611816,2.11094758972908,2.28741004877613,2.59635485362322,3.47866720150012,3.87169962742073,4.55980817345578
NA,NA,NA,NA,NA,NA,NA,NA,NA,NA
"SA","Yankalilla",138.052627563477,-35.5991897583008,1.65894564344876,1.85060161707703,2.18614673919609,2.42315041859785,2.71444595135428,3.22443681290222
NA,NA,NA,NA,NA,NA,NA,NA,NA,NA
"SA","Elliston",134.263153076172,-33.9133415222168,1.65879616207577,1.79520479917584,2.03402465919551,4.23421868700142,4.70667040998021,5.53382371014165
"SA","Franklin Harbour",136.894729614258,-33.7822418212891,2.00737141328695,2.19866302569165,2.53357023588475,2.97656655164602,3.32714623383971,3.94092987985485
"SA","Port Augusta",137.842102050781,-32.7262115478516,2.61702458420399,2.8507553128656,3.25996356454185,3.58798849082254,3.94942591412576,4.58221894449542
NA,NA,NA,NA,NA,NA,NA,NA,NA,NA
NA,NA,NA,NA,NA,NA,NA,NA,NA,NA
NA,NA,NA,NA,NA,NA,NA,NA,NA,NA
NA,NA,NA,NA,NA,NA,NA,NA,NA,NA
NA,NA,NA,NA,NA,NA,NA,NA,NA,NA
NA,NA,NA,NA,NA,NA,NA,NA,NA,NA
"SA","Yankalilla",138.210525512695,-35.4707260131836,1.65665511502275,1.84738780147523,2.1813164620654,2.60477533136438,2.93997292444255,3.52682610294863
NA,NA,NA,NA,NA,NA,NA,NA,NA,NA
NA,NA,NA,NA,NA,NA,NA,NA,NA,NA
NA,NA,NA,NA,NA,NA,NA,NA,NA,NA
NA,NA,NA,NA,NA,NA,NA,NA,NA,NA
"SA","Whyalla",137.57893371582,-33.2998161315918,2.60407948631202,2.83259218635746,3.23266488114976,3.54607784177971,3.89729151223797,4.51218512454129
"SA","Yorke Peninsula",137.789474487305,-34.9979820251465,2.13352588926479,2.31908941607235,2.64396807800361,2.51353466880351,2.75121251893705,3.16733126409412
"SA","Unincorporated SA",133.315780639648,-32.5046195983887,2.07452860841558,2.24514305103378,2.54384933657143,3.59395676024608,3.95921560442801,4.5986990557177
NA,NA,NA,NA,NA,NA,NA,NA,NA,NA
NA,NA,NA,NA,NA,NA,NA,NA,NA,NA
NA,NA,NA,NA,NA,NA,NA,NA,NA,NA
"SA","Lower Eyre Peninsula",134.789474487305,-34.6524314880371,1.62693306663386,1.75049803540459,1.9668316134867,4.44418942168031,4.91457498008074,5.73811090566919
NA,NA,NA,NA,NA,NA,NA,NA,NA,NA
NA,NA,NA,NA,NA,NA,NA,NA,NA,NA
NA,NA,NA,NA,NA,NA,NA,NA,NA,NA
"SA","Yorke Peninsula",137.315795898438,-34.2619476318359,2.02206965620667,2.21928597098152,2.56456595976678,3.25891135247022,3.6483445273159,4.33015162018667
NA,NA,NA,NA,NA,NA,NA,NA,NA,NA
NA,NA,NA,NA,NA,NA,NA,NA,NA,NA
NA,NA,NA,NA,NA,NA,NA,NA,NA,NA
NA,NA,NA,NA,NA,NA,NA,NA,NA,NA
NA,NA,NA,NA,NA,NA,NA,NA,NA,NA
NA,NA,NA,NA,NA,NA,NA,NA,NA,NA
NA,NA,NA,NA,NA,NA,NA,NA,NA,NA
NA,NA,NA,NA,NA,NA,NA,NA,NA,NA
NA,NA,NA,NA,NA,NA,NA,NA,NA,NA
NA,NA,NA,NA,NA,NA,NA,NA,NA,NA
NA,NA,NA,NA,NA,NA,NA,NA,NA,NA
NA,NA,NA,NA,NA,NA,NA,NA,NA,NA
NA,NA,NA,NA,NA,NA,NA,NA,NA,NA
"SA","Grant",140.736846923828,-38.0832366943359,1.07088893305644,1.15986242655272,1.31563436089626,3.52272941709308,3.82139941132288,4.34430124313073
"SA","Grant",140.789474487305,-38.0832366943359,1.07419971032333,1.16450774224215,1.32261614358689,3.39415903674718,3.67554899766866,4.16819750224177
"SA","Grant",140.842102050781,-38.0832366943359,1.07801491154181,1.16986080970935,1.33066165788191,3.31916384818722,3.59404448949471,4.07529668638463
"SA","Grant",140.894729614258,-38.0832366943359,1.08203874062762,1.17550660067537,1.33914712760597,3.3218429679757,3.59667216455892,4.07783429367817
"SA","Grant",140.947372436523,-38.0832366943359,1.08595462615068,1.18100093719875,1.34740496543661,3.32830231556959,3.6098194892593,4.10269071386065
"SA","Grant",140.57893371582,-38.0418090820312,1.06743260746618,1.15501289358874,1.30834564521595,3.42205538788752,3.70078393268225,4.18877291539259
"SA","Grant",140.631576538086,-38.0418090820312,1.07153377202829,1.16076719312312,1.31699420035662,3.42895517677895,3.70923924410973,4.19995158570857
"SA","Grant",140.473678588867,-38.000358581543,1.06547678008453,1.15226869339363,1.3042211872237,3.71048627451115,4.03322217651019,4.59825782657822
"SA","Grant",140.526321411133,-38.000358581543,1.06920485784872,1.15749951888665,1.31208297516806,3.61563015787638,3.92694422226497,4.47198288594502
"SA","Grant",140.421051025391,-37.9588851928711,1.06639842812827,1.15356184777175,1.30616476295829,3.70727549869,4.02898436745043,4.59222192071541
"SA","Grant",140.368408203125,-37.9173851013184,1.06955888046826,1.15799624418599,1.31282953973519,3.6866041675228,4.00739980156983,4.56903849283414
"SA","Grant",140.368408203125,-37.8758659362793,1.07379324997985,1.16393744214086,1.32175899810058,3.69125559564598,4.01298558415736,4.57626011320389
"SA","Grant",140.315780639648,-37.8343200683594,1.07531877850596,1.16607789467684,1.32497603984003,3.71895257244572,4.04399880414761,4.61307930524536
NA,NA,NA,NA,NA,NA,NA,NA,NA,NA
"SA","Grant",140.315780639648,-37.7927551269531,1.08014629764835,1.17285133444804,1.33515633493992,3.61842431384958,3.93114253337416,4.47863954676102
"SA","Wattle Range",140.263153076172,-37.751163482666,1.08240330465749,1.17601811651327,1.33991592194887,3.18287941770077,3.45932746298945,3.94332382042039
"SA","Wattle Range",140.263153076172,-37.7095489501953,1.08875673877934,1.18493255104896,1.35331407374286,3.18622374231131,3.46293913315638,3.94740355059959
"SA","Wattle Range",140.210525512695,-37.667911529541,1.09232099670601,1.18993352270402,1.36083039764244,3.24424187717172,3.51536015735751,3.99002533325282
"SA","Wattle Range",140.157897949219,-37.6262474060059,1.09917808945761,1.19955463520272,1.37529066712657,3.44542064920688,3.74396874657003,4.26665716525939
"SA","Wattle Range",140.157897949219,-37.5845642089844,1.10887507876678,1.21316037577263,1.39573972384411,3.4026502506207,3.69145634988006,4.19708879122866
"SA","Wattle Range",140.105255126953,-37.542854309082,1.10956208698519,1.2141243095557,1.39718849001016,3.39863523369348,3.68649865452979,4.19048068477672
"SA","Wattle Range",140.052627563477,-37.5011253356934,1.11281897581013,1.21869401495647,1.40405663250066,3.39553638134651,3.68216309235086,4.18397993075049
"SA","Wattle Range",139.947357177734,-37.4593696594238,1.10443102316038,1.20692496953148,1.38636807845464,3.54716650736042,3.85473956572585,4.39322859623178
"SA","Wattle Range",140,-37.4593696594238,1.1142124608478,1.22064919870537,1.40699522030991,3.71298657133044,4.03822506550301,4.60764217355842
"SA","Wattle Range",140.052627563477,-37.4593696594238,1.12571742082137,1.23679168331343,1.43125693407817,3.72444960834147,4.05268667653373,4.6273535916605
"SA","Wattle Range",139.894729614258,-37.4175910949707,1.11332758403538,1.21940763764324,1.40512918792105,3.5568836705293,3.86861425604015,4.41438215152127
"SA","Wattle Range",139.894729614258,-37.375789642334,1.13049866811338,1.24350019955301,1.44133965088206,3.60857278097939,3.93317716948086,4.50148410569649
"SA","Wattle Range",139.894729614258,-37.3339653015137,1.14241905787657,1.26022556919501,1.46647742494691,3.40783735544422,3.70111756622666,4.21458313830931
"SA","Robe",139.842102050781,-37.292106628418,1.14416612601457,1.26267686155862,1.47016165046313,3.41049337849012,3.70576977363554,4.22273020117806
"SA","Robe",139.842086791992,-37.250244140625,1.15285745057952,1.27487156482883,1.48848995663247,3.57035206710912,3.88663005607645,4.44035939945424
"SA","Robe",139.789474487305,-37.2083511352539,1.14841907524056,1.26864412850933,1.47913028981772,3.56409586616605,3.87797223241035,4.42749689187131
"SA","Robe",139.736831665039,-37.166431427002,1.48556792442534,1.60733721918736,1.82052698889694,3.87450873336032,4.20360492245039,4.77977595884773
"SA","Robe",139.736831665039,-37.1244926452637,1.5018483470262,1.63018010363466,1.85485922074092,3.88705663707256,4.22117574118387,4.80614073585077
"SA","Robe",139.736846923828,-37.0825271606445,1.51468768920161,1.64819484544342,1.8819348859799,3.89669866902513,4.23426183139739,4.82525657263509
"SA","Robe",139.684204101562,-37.0405387878418,1.53325115690575,1.67424104572354,1.92108161408837,3.91699298534507,4.26403000191329,4.87161126275136
"SA","Kingston (SA)",139.684204101562,-36.9985275268555,1.56599099741296,1.72017796099069,1.99012354391942,3.9453296082789,4.30338482177546,4.93025638786132
"SA","Kingston (SA)",139.684204101562,-36.914436340332,1.59874657872466,1.76613696200994,2.05919866803305,3.75848205074383,4.11963704379592,4.75193560435431
"SA","Kingston (SA)",139.736831665039,-36.8723564147949,1.61950087247964,1.79525708657018,2.10296542043396,3.76318091912187,4.12706997116481,4.76415523437897
"SA","Kingston (SA)",139.789474487305,-36.8723564147949,1.63330197562834,1.81462126477366,2.13206925174229,3.76854888493766,4.13450414038154,4.77520684613803
"SA","Kingston (SA)",139.842086791992,-36.8723564147949,1.64913312691579,1.83683378151188,2.16545405812496,3.77710118966927,4.14564876149472,4.79089001149986
"SA","Kingston (SA)",139.842086791992,-36.8302536010742,1.6499846941956,1.83802860632991,2.16724984721458,3.63350971436445,3.99132717673825,4.61778249579564
"SA","Kingston (SA)",139.842086791992,-36.7881240844727,1.65003691656177,1.83810187896572,2.16735997398627,3.6364052919744,3.99522734960917,4.62344148177912
"SA","Kingston (SA)",139.842086791992,-36.7459754943848,1.65026384829539,1.83842028442091,2.16783852869476,3.63952153829162,3.99964878824018,4.63014800918681
NA,NA,NA,NA,NA,NA,NA,NA,NA,NA
"SA","Kingston (SA)",139.842102050781,-36.7037887573242,1.65356652733335,1.8430542375731,2.17480323380205,3.64410296931785,4.00602624989929,4.63966990358457
"SA","Kingston (SA)",139.842102050781,-36.6616058349609,1.65828217980469,1.84967071843096,2.18474762393926,3.69350628009372,4.06528019871214,4.71617003304338
"SA","Kingston (SA)",139.789474487305,-36.619384765625,1.66082659371392,1.85324075800178,2.19011329597251,3.70918513027424,4.08545815920735,4.74422489135394
"SA","Kingston (SA)",139.789474487305,-36.5771408081055,1.67066066936667,1.86703884293415,2.21085144101693,3.71734125736904,4.09627147901189,4.75969033879845
"SA","Kingston (SA)",139.789474487305,-36.5348777770996,1.6775046012779,1.87664148960041,2.22528395685889,3.71861276444141,4.10121725658195,4.77106891112836
"SA","Kingston (SA)",139.789474487305,-36.4925880432129,1.68386619091975,1.8855673670578,2.23869930705187,3.72217058040718,4.10591722328851,4.7777685186629
"SA","Kingston (SA)",139.789474487305,-36.4502754211426,1.68841635136185,1.89195164784361,2.24829470681853,3.72575241857294,4.11092735529503,4.78527926164515
"SA","Kingston (SA)",139.789474487305,-36.4079399108887,1.69113860433648,1.89577121147906,2.25403540671033,3.80525972310668,4.20662701096273,4.90932796553597
"SA","Kingston (SA)",139.736846923828,-36.3655700683594,1.67978338324616,1.87983882387469,2.23008946300418,3.7971603326696,4.20604279682103,4.92190108064444
"SA","Kingston (SA)",139.736831665039,-36.3232002258301,1.68035280403707,1.88063777201306,2.23129026024942,3.80420083364013,4.21625982846109,4.93767948014192
"SA","Kingston (SA)",139.684204101562,-36.2807922363281,1.66690144060441,1.86176430981346,2.20292396170117,3.79703975399453,4.20839500864258,4.92858257463477
"SA","Coorong",139.684204101562,-36.2383651733398,1.66760718798505,1.86275453631188,2.20441224510076,3.80076955664386,4.21389296843072,4.93717616714347
"SA","Coorong",139.631576538086,-36.195915222168,1.65372679594809,1.84327910872891,2.17514120901153,3.77009920555074,4.18140394902388,4.90150308167352
"SA","Coorong",139.631576538086,-36.1534423828125,1.6535433153821,1.84302166913596,2.17475428432995,3.7728757255538,4.18512381981336,4.90687454071687
"SA","Coorong",139.57893371582,-36.1109466552734,1.64375871145473,1.82929299744512,2.15412046549297,3.75979001678268,4.16596293206765,4.87707742477371
"SA","Kangaroo Island",136.894729614258,-36.0684242248535,1.97192234837822,2.09234523987692,2.30317777000318,3.79644220815197,4.06241757408972,4.52807870092392
"SA","Kangaroo Island",136.947372436523,-36.0684242248535,1.97391895983717,2.09514666376872,2.30738823364968,3.80132754817862,4.06631922690476,4.53025814576755
"SA","Kangaroo Island",137,-36.0684242248535,1.97431935070086,2.09570844784875,2.30823257978846,3.82636243611594,4.09574119986328,4.56736088625615
"SA","Kangaroo Island",137.052627563477,-36.0684242248535,1.97356491049311,2.0946499009725,2.30664161272576,3.88887726138776,4.16375093105613,4.64499092222427
"SA","Kangaroo Island",137.105270385742,-36.0684242248535,1.9719681738011,2.09240953703093,2.30327440687072,3.9049629670627,4.18001424537602,4.66156518805444
"SA","Kangaroo Island",137.157897949219,-36.0684242248535,1.9707562632989,2.09070911854422,2.3007187242969,3.90924989540593,4.18512816243087,4.66812697038045
"SA","Kangaroo Island",137.421051025391,-36.0684242248535,1.97231710364637,2.09289911671393,2.30401023177153,3.92385311890382,4.19491675620799,4.66948626510143
"SA","Kangaroo Island",137.473678588867,-36.0684242248535,1.48290378084969,1.60359918821964,1.81490883037936,3.27216413325725,3.52666948349677,3.97224927529447
"SA","Kangaroo Island",137.526321411133,-36.0684242248535,1.48231860082521,1.60277812847153,1.81367479998819,3.05184184967601,3.29123412352671,3.71035442665589
"SA","Kangaroo Island",137.578948974609,-36.0684242248535,1.48137550249505,1.60145487742906,1.81168598978856,3.17442534559197,3.42500690946754,3.86371706214192
"SA","Coorong",139.578948974609,-36.0684127807617,1.64760355983523,1.83468766252393,2.16222849986287,3.66443374315752,4.05030578124399,4.72587815027011
"SA","Kangaroo Island",136.684204101562,-36.0258827209473,1.97505117044138,2.09673525619265,2.30977584470334,4.47812126533847,4.83338089934776,5.45535805466893
"SA","Kangaroo Island",136.736846923828,-36.0258827209473,1.97651094032353,2.09878344348822,2.31285421430477,3.88723205001801,4.16495848308325,4.65119300076813
"SA","Kangaroo Island",136.789474487305,-36.0258827209473,1.97884935618736,2.10206444943486,2.31778547668984,3.72822074054756,3.9888194862666,4.44506739913346
"SA","Kangaroo Island",136.842102050781,-36.0258827209473,1.9818137509101,2.10622375953189,2.32403680624027,3.80493318396281,4.07557069442219,4.54939415412414
"SA","Kangaroo Island",137.263153076172,-36.0258827209473,1.98110962857379,2.10523581311555,2.32255194974181,3.4937512631633,3.72788089406211,4.13778753096148
"SA","Kangaroo Island",137.315795898438,-36.0258827209473,1.98487346351939,2.11051680912215,2.33048914259869,3.91249739605483,4.18957233189399,4.67466622916329
"SA","Kangaroo Island",137.368423461914,-36.0258827209473,1.98967227158352,2.11724996469074,2.34060889164157,3.93698178980091,4.21195189894873,4.6933607332596
"SA","Kangaroo Island",137.631576538086,-36.0258827209473,1.48395968962262,1.60508072237133,1.81713553577192,2.65776997251492,2.86775452567975,3.23538873608779
"SA","Coorong",139.578948974609,-36.0258827209473,1.65043144194239,1.83865543325003,2.16819195096672,3.6686402901679,4.05591470455415,4.73394230895779
"SA","Kangaroo Island",136.631576538086,-35.9833145141602,1.98622975934349,2.1124198130887,2.33334930561926,4.69215325608148,5.07993142693261,5.75884099197293
"SA","Kangaroo Island",137.631576538086,-35.9833145141602,1.4857448333427,1.60758543817136,1.82090005525493,2.66314697805439,2.8747652075905,3.24525960611125
"SA","Coorong",139.526321411133,-35.9833145141602,1.64546453792369,1.83168642407001,2.1577177203833,3.66140771408337,4.04621001926204,4.71990953427589
"SA","Kangaroo Island",136.578948974609,-35.9407272338867,1.99290369726122,2.12178394302565,2.34742333732722,4.7506075319285,5.15417084591391,5.86071653249216
"SA","Kangaroo Island",137.631576538086,-35.9407272338867,1.48711251902988,1.60950442313129,1.82378423727238,2.23421388547328,2.40354450126663,2.70000310403931
"SA","Coorong",139.421051025391,-35.9407272338867,1.6330885121145,1.81432175643166,2.13161909887913,3.61811282683181,3.98540646166323,4.62845235905906
"SA","Coorong",139.473678588867,-35.9407272338867,1.64120899331743,1.8257155155694,2.14874360787859,3.62808512618132,3.99838654630987,4.64669837758569
"SA","Kangaroo Island",136.526321411133,-35.8981170654297,1.64856750186177,1.78085307692345,2.01245441237024,4.29888922854829,4.72160644899766,5.46168617973762
"SA","Kangaroo Island",137.684204101562,-35.8981170654297,1.49049501697357,1.61425036932478,1.83091726486395,2.24123793456454,2.41275590138232,2.71304404806494
"SA","Kangaroo Island",137.736831665039,-35.8981170654297,1.49238784715784,1.61690617883524,1.83490887406974,2.60214200318543,2.80619603403859,3.16344727648778
"SA","Kangaroo Island",137.789474487305,-35.8981170654297,1.49382085565751,1.61891681752519,1.83793080914178,2.36488997994021,2.5482935191877,2.86939054428343
"SA","Kangaroo Island",137.842086791992,-35.8981170654297,1.49595776805498,1.62191509614278,1.84243714006813,2.63803487984178,2.8475937431323,3.21448266938271
"SA","Kangaroo Island",137.894729614258,-35.8981170654297,1.49906685943345,1.62627742854873,1.84899360660751,2.63987623180211,2.84997199681873,3.21780091336446
"SA","Kangaroo Island",137.947357177734,-35.8981170654297,1.50344448698097,1.63241963030067,1.85822516819364,3.06260012205883,3.31779115652265,3.76457142223422
"SA","Kangaroo Island",138,-35.8981170654297,1.50681149949006,1.63714384904876,1.86532554002782,3.09069327630439,3.34963235555148,3.80297457767228
"SA","Kangaroo Island",138.052627563477,-35.8981170654297,1.50943832020117,1.64082951270988,1.87086499191291,3.08376128458914,3.3430426776591,3.79698421182493
"SA","Kangaroo Island",138.105255126953,-35.8981170654297,1.51268670105037,1.64538728066211,1.87771519274407,2.37427828748999,2.56200745966983,2.89067766395248
"SA","Coorong",139.368408203125,-35.8981170654297,1.63894431399385,1.82253796856297,2.14396784145683,3.55252199932219,3.90492848115266,4.52191042929017
"SA","Kangaroo Island",136.526321411133,-35.8554801940918,1.65954913981612,1.79626129407993,2.03561254220009,4.31662903754775,4.74564697530897,5.4967577995224
"SA","Kangaroo Island",138.157897949219,-35.8554801940918,1.52196349733271,1.65840345295161,1.89727814442801,2.38531487785067,2.57614568490574,2.91024613189503
"SA","Coorong",139.315780639648,-35.8554801940918,1.6346856930519,1.81656274368911,2.13498724156092,3.46008510992,3.79391522378656,4.37837426361614
"SA","Kangaroo Island",136.526321411133,-35.8128242492676,1.66084070495455,1.79807347512317,2.03833620084588,4.27612237113098,4.72600397721603,5.51364224173322
"SA","Kangaroo Island",138.157897949219,-35.8128242492676,1.5303350580976,1.67014949910066,1.91493213119004,1.96191774881804,2.12217560401012,2.40274990896377
"SA","Coorong",139.263153076172,-35.8128242492676,1.62685711203566,1.80557854653866,2.11847829304966,3.33927343196499,3.65709612495501,4.21352988651565
"SA","Kangaroo Island",136.526321411133,-35.7701416015625,1.65906698537587,1.79558478841207,2.03459577264603,4.28319072240769,4.73656055373313,5.53030589094996
"SA","Kangaroo Island",138.105270385742,-35.7701301574707,1.55230420709728,1.7009741738839,1.96126077605164,1.96614374592164,2.12797452127147,2.41130264431083
"SA","Coorong",139.210525512695,-35.7701416015625,1.62118317916082,1.79761751283584,2.10651307668509,3.34160511246852,3.66106616341906,4.22036830946848
"SA","Kangaroo Island",136.57893371582,-35.7274398803711,1.6625810509497,1.80051533572103,2.04200625067559,3.9269862788071,4.36167423431241,5.12271194345585
"SA","Kangaroo Island",136.631576538086,-35.7274398803711,2.01834345774725,2.1574781951588,2.40107082403407,4.28854204301698,4.72636568402691,5.49289325062512
"SA","Kangaroo Island",138.105270385742,-35.7274398803711,1.58999932291055,1.75386378221042,2.0407524137821,2.05075147577312,2.24349429567792,2.58094223334549
"SA","Yankalilla",138.157897949219,-35.7274398803711,1.5751337773465,1.73300609639412,2.00940388129592,2.04811109287698,2.23828449603383,2.57123398139574
"SA","Yankalilla",138.210510253906,-35.7274398803711,1.55811914587574,1.70913305144137,1.97352334632975,2.03976460857507,2.22712197343558,2.55514122940698
"SA","Coorong",139.157897949219,-35.7274398803711,1.61685689757933,1.79154735405217,2.0973897937139,3.21480908048795,3.51432579037629,4.03871002476031
"SA","Kangaroo Island",136.684204101562,-35.6847114562988,2.02192092808714,2.16249770500762,2.40861501033288,4.28876486328667,4.72185989339959,5.48010875993511
"SA","Kangaroo Island",136.736846923828,-35.684700012207,2.02660539009407,2.16907042286299,2.41849362587186,4.10500987094725,4.54160448258678,5.30598030404305
"SA","Kangaroo Island",136.789474487305,-35.6847114562988,2.03192180734116,2.17652983026453,2.42970491159714,3.9873498635616,4.43124434880175,5.20840055446629
"SA","Kangaroo Island",137.631576538086,-35.6847114562988,2.10863306970864,2.28416257082826,2.59147398290518,3.10744870157956,3.44307297253487,4.03067316496221
"SA","Kangaroo Island",137.684204101562,-35.6847114562988,2.11344923846917,2.29092008500174,2.60163034226638,3.05109286889903,3.37180995230571,3.93331111963218
"SA","Kangaroo Island",137.736846923828,-35.684700012207,2.11788949083268,2.29715015495404,2.61099396735936,2.95895213859637,3.25915345731032,3.7847362828347
"SA","Kangaroo Island",137.789474487305,-35.6847114562988,2.12255792152485,2.30370037944552,2.62083877598631,2.96656889642357,3.26930591690437,3.79932816762854
"SA","Kangaroo Island",137.842102050781,-35.684700012207,1.63786571203938,1.8210245938543,2.14169328057618,2.45816941730818,2.75627342900019,3.27818435676177
"SA","Kangaroo Island",137.894729614258,-35.6847114562988,1.64289282072718,1.82807807555283,2.1522944710493,2.35224372101383,2.62751554605555,3.10945261486151
"SA","Kangaroo Island",138,-35.6847114562988,1.65100670979431,1.83946258533631,2.16940507852174,2.26744440814412,2.52602689242111,2.97874479952304
"SA","Kangaroo Island",138.052627563477,-35.6847114562988,1.64813980251773,1.83544005881808,2.16335933095685,2.26143462867572,2.51625892394194,2.96239711444703
"SA","Yankalilla",138.105270385742,-35.6847114562988,1.63474678257176,1.81664845773211,2.13511606742806,2.23592365285821,2.47759742458101,2.90071210089672
"SA","Yankalilla",138.263153076172,-35.6847114562988,1.55481835062632,1.70450174141244,1.96656261376458,2.72330629111345,2.95567668392497,3.36250330329259
"SA","Yankalilla",138.315795898438,-35.6847114562988,1.55637706986547,1.70668876347806,1.969849648236,2.89779210243177,3.14898224151269,3.58875786810749
"SA","Yankalilla",138.368423461914,-35.6847114562988,1.55763773157452,1.70845758425459,1.97250813758442,2.90071529557909,3.15260870727648,3.59361560097718
"SA","Yankalilla",138.421051025391,-35.6847114562988,1.55938715888096,1.71091218674186,1.97619733812615,2.76764805430749,3.00385257140789,3.41739185241802
"SA","Victor Harbor",138.473678588867,-35.6847114562988,1.56043088929617,1.71237663357184,1.97839836174058,2.76683557613113,3.00269846642359,3.41563963819235
"SA","Victor Harbor",138.526321411133,-35.6847114562988,1.5599255914262,1.71166765560867,1.97733278721298,2.84222505039857,3.08529603644141,3.51085691070637
"SA","Coorong",139.105270385742,-35.6847114562988,1.60761382131774,1.77857849395822,2.07789795096852,3.20637418214092,3.502215431842,4.02016478859592
"SA","Kangaroo Island",136.842086791992,-35.6419639587402,2.03796847065475,2.185013838005,2.4424561436661,3.87419607179673,4.31380824784741,5.08346712414238
"SA","Kangaroo Island",136.894729614258,-35.6419639587402,2.04595709433157,2.1962225892774,2.45930259089361,3.8835311540814,4.32730430000561,5.10424806869349
"SA","Kangaroo Island",136.947357177734,-35.6419639587402,2.05251178558118,2.20541940550716,2.47312515466635,3.64722877594944,4.06657618790157,4.80075616617198
"SA","Kangaroo Island",137,-35.6419639587402,2.06027509303313,2.21631201802718,2.48949645397783,3.36242486831699,3.74059420853841,4.40268094157391
"SA","Kangaroo Island",137.052627563477,-35.6419639587402,2.06874409137843,2.22819477778895,2.50735591756829,3.62620975059929,4.03294188058721,4.74503542843169
"SA","Kangaroo Island",137.105255126953,-35.6419639587402,2.07665669234368,2.23929686241894,2.52404204774364,3.55997206183438,3.96472209474905,4.673345450708
"SA","Kangaroo Island",137.631576538086,-35.6419639587402,2.10718372385533,2.28212900937455,2.58841759554488,3.10289349031433,3.43714417218536,4.02233952896737
"SA","Yankalilla",138.052627563477,-35.6419639587402,1.65763023348118,1.84875597961251,2.18337279646228,2.27686468864286,2.53868574743614,2.99707364676942
"SA","Victor Harbor",138.578948974609,-35.6419639587402,1.55752928962557,1.70830543053168,1.9722794546918,2.86893244940882,3.11541758004264,3.54695582898588
"SA","Coorong",139.052627563477,-35.6419639587402,1.59831624434115,1.76553316450191,2.0582911768587,3.05312496774657,3.32161228774206,3.79167126304976
"SA","Kangaroo Island",137.157897949219,-35.5991897583008,2.08414250963779,2.24980013150692,2.5398281745036,3.55613250408957,3.96036801873309,4.66809057263063
"SA","Kangaroo Island",137.631576538086,-35.5991897583008,2.10637330985428,2.28099192627578,2.5867085906833,3.09923664962285,3.4325038318365,4.01597730901101
"SA","Coorong",139.052627563477,-35.5991897583008,1.59979925861237,1.76761396574778,2.06141856433725,3.05524076066796,3.32417396380888,3.79501357700464
"SA","Kangaroo Island",137.210525512695,-35.5563850402832,2.08285362803881,2.24799171570879,2.53711017491844,3.55314179461927,3.94721712992054,4.63715156819821
"SA","Kangaroo Island",137.263153076172,-35.556396484375,2.07867038101642,2.24212224716429,2.52828852389903,3.44366055003185,3.82733058982911,4.49904777098461
"SA","Kangaroo Island",137.315795898438,-35.5563850402832,2.07701363207659,2.23979768068843,2.5247947639332,3.35754686460253,3.73167547352669,4.38668782400622
"SA","Kangaroo Island",137.368423461914,-35.5563850402832,2.07789006467954,2.24102739377179,2.52664298913336,3.29048101389782,3.6564897790038,4.29728616775785
"SA","Kangaroo Island",137.421051025391,-35.556396484375,2.08100970235224,2.24540452356885,2.53322169574768,3.29349117569413,3.6610722305399,4.30462133366413
"SA","Kangaroo Island",137.473678588867,-35.5563850402832,2.08708275604543,2.25392555936485,2.54602857997344,3.22500506389194,3.58018243332987,4.20201556248208
"SA","Kangaroo Island",137.526321411133,-35.556396484375,2.09504670921663,2.26509969571827,2.56282300192251,3.16505107583058,3.50738201956512,4.10672403925784
"SA","Kangaroo Island",137.578948974609,-35.5563850402832,2.10543139082342,2.27967032989537,2.58472226739558,3.09966542780656,3.43289783339442,4.01631042476961
"SA","Yankalilla",138.052627563477,-35.556396484375,1.65207769288623,1.84096527010154,2.17166357270918,2.50189962934098,2.80728153582178,3.34193436799384
"SA","Alexandrina",138.684204101562,-35.556396484375,1.55911550308743,1.71053102944311,1.97562446910955,2.58053303047354,2.79365343262564,3.1667777867086
"SA","Alexandrina",138.736846923828,-35.556396484375,1.56394258178174,1.71730385122638,1.98580383539044,2.61764625638347,2.836499733724,3.21966137168495
"SA","Coorong",139.052627563477,-35.556396484375,1.60142597942593,1.76989640008523,2.06484900084901,3.0596073541275,3.32915949833612,3.80108273367113
"SA","Yankalilla",138.105270385742,-35.5135650634766,1.6498767597754,1.83787716471511,2.16702223460102,2.51419479510655,2.82458200467586,3.36799796071141
"SA","Alexandrina",138.789474487305,-35.5135765075684,1.57162112842576,1.72807753677576,2.00199639071105,2.75858225078294,2.99321796267045,3.40401062990807
"SA","Alexandrina",138.842102050781,-35.5135765075684,1.57636723708511,1.73473675038082,2.01200500700096,2.76082387960029,2.99595169354228,3.40760591724929
"SA","Alexandrina",138.894729614258,-35.5135765075684,1.58122759914441,1.74155627169268,2.02225456139869,2.76264736539862,2.99794142661716,3.40988671071562
"SA","Coorong",139.105270385742,-35.5135650634766,1.6152257823078,1.78925875389841,2.09395009014851,3.06604049633074,3.33700798259511,3.8114091533367
"SA","Yankalilla",138.157897949219,-35.4707374572754,1.65223307934572,1.84118329115823,2.17199125240665,2.59937417247743,2.93262294708404,3.51606419681147
"SA","Yankalilla",138.263153076172,-35.4707374572754,1.66191246302117,1.85476432945434,2.19240318228091,2.59637772093351,2.93589892094365,3.53032173158027
"SA","Alexandrina",138.947372436523,-35.4707260131836,1.5948095243825,1.76061292374599,2.05089618929703,2.77484500461385,3.01300825585599,3.4299768256816
"SA","Coorong",139.157897949219,-35.4707374572754,1.63008529624126,1.81010797679923,2.12528590310372,3.07433072201208,3.34834002311056,3.8280667055524
"SA","Coorong",139.210525512695,-35.4707260131836,1.64002429950048,1.82405328451868,2.14624531997878,3.08007163689735,3.35650304825988,3.84047028354726
"SA","Coorong",139.263153076172,-35.4707374572754,1.64957404746595,1.83745243235557,2.1663838734574,3.08792946517527,3.36756852216313,3.85715160037307
"SA","Yankalilla",138.263153076172,-35.4278717041016,1.66290803265173,1.85616120240953,2.1945026442059,2.59595838271632,2.93554613800372,3.53008547148183
"SA","Alexandrina",138.947372436523,-35.4278717041016,1.59896981958602,1.76645018884226,2.05966943941272,2.78000859946207,3.01936143659994,3.43841269519909
"SA","Coorong",139.315780639648,-35.4278717041016,1.65297225642286,1.84222042250138,2.17355003250765,3.09307079598583,3.37448180574128,3.86716716193677
"SA","Yankalilla",138.315780639648,-35.3849868774414,1.66759315231969,1.86273484302199,2.20438264662357,2.60013472646626,2.94138990550965,3.53884851093754
"SA","Alexandrina",139,-35.3849868774414,1.60921543568847,1.78082570171791,2.0812754428954,2.78837251101617,3.03082156154638,3.45529357109409
"SA","Alexandrina",139.052627563477,-35.3849868774414,1.61661173833837,1.79120337377908,2.09687280075214,3.06646164356007,3.33664011304243,3.80965989854747
"SA","Alexandrina",139.105255126953,-35.3849868774414,1.62464556081203,1.8024755429933,2.11381456341526,3.07186958198915,3.34416488855006,3.82089076441365
"SA","Murray Bridge",139.315780639648,-35.3849868774414,1.65468218503151,1.84461960479402,2.17715593800949,3.09551436599868,3.37714251806155,3.8702080400337
"SA","Yankalilla",138.368423461914,-35.3420639038086,1.67463362216312,1.87261324993014,2.21922962258243,2.65546436227397,3.01757184997215,3.6515380075602
"SA","Murray Bridge",139.157897949219,-35.3420753479004,1.63724970851699,1.82016028599044,2.14039424944746,3.08226016380232,3.3580639962909,3.8409324866453
"SA","Murray Bridge",139.210525512695,-35.3420753479004,1.64361908857982,1.82909709410305,2.15382602811689,3.08701576939901,3.36463286046968,3.8506759457028
"SA","Murray Bridge",139.263153076172,-35.3420753479004,1.6512903286306,1.83986052785065,2.17000317525924,3.09249768500235,3.37218684883063,3.8618576524872
"SA","Yorke Peninsula",136.894729614258,-35.299144744873,2.05298065271011,2.20607726789252,2.47411390387567,4.13198959279722,4.54900291224692,5.27909643634145
"SA","Yorke Peninsula",136.947372436523,-35.299144744873,2.05919252218666,2.21479307460917,2.48721352347905,3.82091422787067,4.20928061706548,4.88922001588673
"SA","Onkaparinga",138.421051025391,-35.299144744873,1.68342395277652,1.88494686751356,2.23776671317296,2.68176204545394,3.0583729482369,3.71773121906638
"SA","Yorke Peninsula",136.842102050781,-35.256175994873,2.05203675130857,2.20475289006932,2.47212340015535,4.29052372485402,4.71961824402841,5.47086314452003
"SA","Yorke Peninsula",137,-35.2561874389648,2.0714162981883,2.23194412219319,2.51299107987216,3.65756158320376,4.03335394540062,4.6912791416657
"SA","Yorke Peninsula",137.052627563477,-35.2561874389648,2.07840872487552,2.24175512026973,2.52773674219698,3.11968864808555,3.43431174843312,3.98514376597495
"SA","Yorke Peninsula",137.105270385742,-35.2561874389648,2.08401081115226,2.24961534678968,2.53955044811716,3.12580716867715,3.44195520634994,3.99545703517565
"SA","Yorke Peninsula",137.157897949219,-35.2561874389648,2.08459592180584,2.25043630920425,2.54078433221866,3.13178260079193,3.44956190810874,4.00591971142639
"SA","Onkaparinga",138.421051025391,-35.2561874389648,1.68295894622033,1.88429442185592,2.23678610515758,2.68282111430084,3.05958778700613,3.71921877481189
"SA","Yorke Peninsula",136.842102050781,-35.2131996154785,2.05478241749629,2.20860530453021,2.47791347394115,4.19332094679554,4.61457271536179,5.35208678001907
"SA","Yorke Peninsula",137.210525512695,-35.2132110595703,2.08469934291932,2.25058141824733,2.54100242714977,3.14232570029624,3.46309801217322,4.02469587173138
"SA","Onkaparinga",138.421051025391,-35.2132110595703,2.44568681767528,2.64724678553622,3.00013150261472,3.44585930643503,3.82355773232577,4.48482000367816
"SA","Yorke Peninsula",136.842086791992,-35.1702117919922,2.05629624920505,2.21072934538859,2.48110584937711,3.79912776582534,4.20167921333736,4.90645335659791
"SA","Yorke Peninsula",137.263153076172,-35.1702117919922,2.08798990313573,2.25519836761241,2.54794157602912,3.15499254402032,3.479857424361,4.04862042132102
"SA","Yorke Peninsula",137.315780639648,-35.1702117919922,2.09266028557907,2.26175133058478,2.55779050051813,3.14981514433071,3.47844943829426,4.05381180354144
"SA","Yorke Peninsula",137.368408203125,-35.1702117919922,2.09682434088146,2.26759387143502,2.56657167994804,3.15895362049886,3.49122413664357,4.07295268288019
"SA","Yorke Peninsula",137.57893371582,-35.1702117919922,2.10327161962891,2.27663997834749,2.58016773173042,3.18652470054837,3.54051657751572,4.16027418453164
"SA","Yorke Peninsula",137.631576538086,-35.1702117919922,2.10660912602842,2.28132279739311,2.58720588094175,3.20675027104877,3.56905455878613,4.20336526756105
"SA","Yorke Peninsula",137.684204101562,-35.1702117919922,2.10973807270334,2.28571298855026,2.5938042184238,3.20132695452054,3.57237579453119,4.22199618452747
"SA","Yorke Peninsula",136.894729614258,-35.1271858215332,2.06677393826534,2.22543047731534,2.50320124940607,3.82165574096853,4.23485123675163,4.95826063780953
"SA","Yorke Peninsula",137.421051025391,-35.1271858215332,2.09821566374282,2.2695460214578,2.56950570814972,3.1738300651019,3.51203110720336,4.10414262778047
"SA","Yorke Peninsula",137.473678588867,-35.1271858215332,2.10302064814348,2.27628784297718,2.57963848188011,3.18770426409332,3.53094858655157,4.13188972037353
"SA","Yorke Peninsula",137.526321411133,-35.1271858215332,2.10826316086892,2.28364355574561,2.5906939174021,3.19257319239638,3.54097913951471,4.15095707998617
"SA","Yorke Peninsula",137.736846923828,-35.1271858215332,2.11490687572233,2.29296528002868,2.60470421456973,3.03144764401947,3.36725298709878,3.95517019478432
"SA","Onkaparinga",138.421051025391,-35.1271858215332,2.44996405030608,2.65324812426894,3.00915135092772,3.44160102448065,3.81929448604641,4.48054806601812
NA,NA,NA,NA,NA,NA,NA,NA,NA,NA
"SA","Yorke Peninsula",136.894729614258,-35.0841407775879,2.06858706060914,2.22797444961901,2.50702477034256,3.90453560025481,4.31296736464498,5.02803657780403
"SA","Yorke Peninsula",137.789474487305,-35.0841407775879,2.12670512049525,2.30951926935906,2.62958440870391,2.87204063326394,3.1768112384433,3.71039382393347
"SA","Yorke Peninsula",136.894729614258,-35.041072845459,2.07075973435061,2.23102290459064,2.51160651495951,3.89882620545432,4.30553333645302,5.01758311687021
"SA","Marion",138.473678588867,-35.0410614013672,2.46398488728458,2.67292060862677,3.03871855797105,3.45282276506997,3.83473464706719,4.50337370202318
"SA","Lower Eyre Peninsula",135.947357177734,-34.9979820251465,1.6647966979308,1.80362408597929,2.04667861746265,3.7435712873773,4.08783994553566,4.69057445339698
"SA","Lower Eyre Peninsula",136,-34.9979820251465,1.65880300084933,1.79521439458488,2.03403908083339,3.08771038425796,3.35701554286975,3.82850636375567
"SA","Yorke Peninsula",136.947357177734,-34.9979820251465,2.07543836860816,2.23758744559406,2.52147284091316,3.76846546257174,4.18668039680876,4.91887766947378
"SA","Holdfast Bay",138.473663330078,-34.9979820251465,2.46427720263856,2.6733307531308,3.03933499396599,3.41384331428416,3.78613658124335,4.43793567396676
"SA","Lower Eyre Peninsula",135.631576538086,-34.9548645019531,1.65863207256714,1.79497456696524,2.03367862646701,4.123570389053,4.52488359976515,5.227489877812
"SA","Lower Eyre Peninsula",135.684204101562,-34.9548645019531,1.66311188223078,1.80126013933652,2.0431256701808,2.84675374734901,3.07742130602237,3.48126665808054
"SA","Lower Eyre Peninsula",135.894729614258,-34.9548645019531,1.67741943147681,1.82133490656853,2.07329749740399,3.54780364432413,3.85570995264539,4.39478242646912
"SA","Lower Eyre Peninsula",136.052627563477,-34.9548645019531,1.64513165810284,1.77603228179494,2.00520888887227,2.96956969216298,3.21967239339342,3.65754416873107
"SA","Yorke Peninsula",136.947372436523,-34.9548530578613,2.07541997427484,2.23756163670442,2.52143405085647,3.76499083499787,4.18653284564448,4.92455505681272
"SA","Yorke Peninsula",137.842102050781,-34.9548530578613,2.13442962102794,2.32035743231143,2.64587387180135,2.51604110876988,2.75453015649024,3.17206912032445
"SA","Charles Sturt",138.473678588867,-34.9548530578613,2.46334532648444,2.67202324780189,3.03736984914407,3.41799114708937,3.79194092083524,4.44664017242927
"SA","Lower Eyre Peninsula",135.578948974609,-34.9117279052734,1.67183562280069,1.81350032515184,2.06152233537404,4.14481241035455,4.55532225512466,5.27402970465937
"SA","Lower Eyre Peninsula",135.736846923828,-34.9117279052734,1.6733842417003,1.81567317554056,2.06478807020188,2.85925070162595,3.09286837261616,3.50187868655306
"SA","Lower Eyre Peninsula",135.789474487305,-34.9117279052734,1.67850090512508,1.82285231051963,2.07557811412604,3.32098183681556,3.59832769156749,4.08389590496664
"SA","Lower Eyre Peninsula",135.842102050781,-34.9117279052734,1.68328406219801,1.82956350635214,2.08566485828496,3.55453511307037,3.86472124930196,4.40778517259685
"SA","Lower Eyre Peninsula",136.052627563477,-34.9117279052734,1.64396283335477,1.77439231646273,2.00274406573964,2.97037314547738,3.21971191249149,3.65624621634283
"SA","Yorke Peninsula",137,-34.9117279052734,2.07678657107044,2.23947909385238,2.52431593661422,3.49484569664147,3.87654815158665,4.54482054838732
"SA","Yorke Peninsula",137.421051025391,-34.9117279052734,2.12360432236,2.30516857311277,2.6230454309949,3.49992087000658,3.89992310107682,4.60023415807881
"SA","Yorke Peninsula",137.842102050781,-34.9117164611816,2.13434164855765,2.32023399909211,2.64568835504174,2.51564226050408,2.75406150961438,3.17147827228422
"SA","Charles Sturt",138.473678588867,-34.9117164611816,2.46213916616447,2.67033089733351,3.03482629258161,3.25368453134184,3.59919653369432,4.20410784863108
"SA","Lower Eyre Peninsula",135.526321411133,-34.8685684204102,1.6806604512436,1.82588234626583,2.0801321751499,3.90331402154418,4.29421739214492,4.97859845651698
"SA","Yorke Peninsula",137.052627563477,-34.8685684204102,2.07766045812427,2.24070523530338,2.52615879374841,3.50086836832163,3.8843305549075,4.55568383333727
"SA","Yorke Peninsula",137.105255126953,-34.8685684204102,2.08068734650062,2.24495222956827,2.53254191020984,3.4621205055449,3.84280229972529,4.50928775644531
"SA","Yorke Peninsula",137.157897949219,-34.8685684204102,2.08474669322139,2.25064785494283,2.54110227968975,3.4692889395762,3.8522801165768,4.52280876655481
"SA","Yorke Peninsula",137.210510253906,-34.8685684204102,2.09239826747185,2.26138369581921,2.5572379554998,3.480735906127,3.86752446504738,4.54470144930838
"SA","Yorke Peninsula",137.263153076172,-34.8685684204102,2.1039175111367,2.27754622171963,2.58152979078348,3.46960186862846,3.85884851232372,4.54032903244819
"SA","Yorke Peninsula",137.315780639648,-34.8685684204102,2.11323935175546,2.29062559522921,2.60118773217616,3.48436151931768,3.87866715616838,4.56900479900087
"SA","Yorke Peninsula",137.421051025391,-34.8685684204102,2.13005235997501,2.31421574478407,2.63664308308074,3.44085796480369,3.83495918604246,4.52493894458796
"SA","Yorke Peninsula",137.842102050781,-34.8685684204102,2.13558403694407,2.32197718076778,2.64830830952136,2.44728444969059,2.67360950266734,3.06985213524491
NA,NA,NA,NA,NA,NA,NA,NA,NA,NA
"SA","Lower Eyre Peninsula",135.473678588867,-34.8253860473633,1.68792301950015,1.83607237704956,2.09544751328819,3.63671938297613,3.9911764199791,4.61174841424319
"SA","Lower Eyre Peninsula",136.052627563477,-34.8253860473633,1.64909831126266,1.78159784983907,2.01357378573438,2.30542795452616,2.51667706911934,2.88652523305499
"SA","Yorke Peninsula",137.421051025391,-34.8253860473633,2.13204055741266,2.31700536305383,2.64083580319952,3.44743578528173,3.84338079343472,4.53658859488217
"SA","Yorke Peninsula",137.894729614258,-34.8253860473633,2.13869357430747,2.32634013893035,2.65486571655586,2.45253029044887,2.6807631983558,3.08034604205967
"SA","Port Adelaide Enfield",138.473678588867,-34.8253746032715,2.46116131395759,2.66895888350342,3.03276419324311,3.25413830312953,3.59964592098967,4.20454955969812
NA,NA,NA,NA,NA,NA,NA,NA,NA,NA
"SA","Lower Eyre Peninsula",136.052627563477,-34.7821807861328,1.65143296836971,1.78487358191483,2.01849712163545,2.31051078202848,2.52338590230266,2.89608082475287
"SA","Yorke Peninsula",137.421051025391,-34.7821807861328,2.13136492205334,2.31605738640606,2.63941102017228,3.44850480410334,3.84462784226261,4.53814733292626
"SA","Yorke Peninsula",137.894729614258,-34.7821807861328,2.1382564486821,2.32572681270447,2.65394390397866,2.4523542918839,2.6804978034704,3.07992413496812
"SA","Lower Eyre Peninsula",135.368423461914,-34.7389526367188,1.6927330000295,1.84282120858296,2.10559082287833,3.34174070531472,3.68599516795869,4.28870482276937
"SA","Lower Eyre Peninsula",135.421051025391,-34.7389526367188,1.70095546710439,1.85435806299198,2.12293040016484,3.36237906350579,3.71378638419602,4.32901903310492
"SA","Port Lincoln",135.894729614258,-34.7389526367188,1.64288148310817,1.77287508565517,2.00046370924762,3.42909335441403,3.69320839373483,4.15561252048682
"SA","Lower Eyre Peninsula",135.947372436523,-34.738941192627,1.64391195923641,1.7743209355388,2.00263678215928,3.44692183503028,3.71625917465416,4.18780633702231
"SA","Lower Eyre Peninsula",136,-34.7389526367188,1.64689367184752,1.77850454417727,2.00892463175426,2.29818571083875,2.50620920666813,2.87041006088773
"SA","Yorke Peninsula",137.473678588867,-34.738941192627,2.14078202490053,2.32927042131557,2.65926985100086,3.46051406620074,3.86132385733231,4.56304876454871
"SA","Yorke Peninsula",137.894729614258,-34.7389526367188,2.13754714086257,2.32473159059283,2.65244811230875,2.45231073080726,2.68037513619669,3.0796629711057
"SA","Playford",138.473678588867,-34.738941192627,2.3814066309389,2.58880285991943,2.95190551548958,3.17416698413626,3.51937080016445,4.12374255238442
"SA","Lower Eyre Peninsula",135.315780639648,-34.6957054138184,1.70327352823907,1.85761050943882,2.12781873840122,3.59324340090145,3.95756686863349,4.59541269288154
"SA","Yorke Peninsula",137.473663330078,-34.6957054138184,2.14341110940539,2.33295926128115,2.66481407678487,3.46423491994815,3.86634814650893,4.57035506660488
"SA","Yorke Peninsula",137.894729614258,-34.6957054138184,2.13751757109264,2.32469010156924,2.6523857554387,2.50040275471061,2.73935513257744,3.15770527994869
"SA","Playford",138.473663330078,-34.6957054138184,2.38149013317495,2.58892002100155,2.95208160539817,2.8546559118907,3.13799666376713,3.6340605504795
"SA","Lower Eyre Peninsula",135.315780639648,-34.6524314880371,1.71688221811504,1.87670471466538,2.15651680769396,3.79953604903376,4.20588191667042,4.91729920879813
"SA","Lower Eyre Peninsula",135.894729614258,-34.6524314880371,1.65739772531466,1.79324266771746,2.03107562916855,3.45182138123487,3.72139698221426,4.19336128491004
"SA","Yorke Peninsula",137.473663330078,-34.6524314880371,2.14682826573986,2.33775383628698,2.6720201921541,3.46814925948846,3.87189874198114,4.57877036640169
"SA","Yorke Peninsula",137.947372436523,-34.6524314880371,2.14420495288562,2.3340730944618,2.66648813765409,2.51004607237553,2.75241531733572,3.17674760585496
"SA","Adelaide Plains",138.421051025391,-34.6524314880371,2.37231388044736,2.57604492028368,2.93273068043596,2.84342945844913,3.1226689816518,3.61155256894471
"SA","Lower Eyre Peninsula",135.315795898438,-34.6091232299805,1.72745480536733,1.89153899721652,2.17881232947711,3.56049707285638,3.9447136783188,4.61738776908372
"SA","Lower Eyre Peninsula",135.947372436523,-34.6091232299805,1.66447552215349,1.80317344772818,2.04600132047107,2.45169799175613,2.69856176533562,3.13076293018512
"SA","Yorke Peninsula",137.473678588867,-34.6091232299805,2.15102048134769,2.34363588855648,2.68086075616873,3.51565422210115,3.93029021912624,4.65622160348578
"SA","Yorke Peninsula",137.947372436523,-34.6091232299805,2.14437073554423,2.33430570231279,2.66683774090526,2.51147666239999,2.75428855910198,3.17939582807161
"SA","Adelaide Plains",138.421051025391,-34.6091346740723,2.373318104818,2.57745393661085,2.93484839351758,2.8446185918289,3.12428106549021,3.61390514085982
NA,NA,NA,NA,NA,NA,NA,NA,NA,NA
"SA","Lower Eyre Peninsula",135.315795898438,-34.5658073425293,1.73808159992606,1.90644933745162,2.20122216388331,3.57256723228418,3.9640890868346,4.64955297303838
"SA","Unincorporated SA",135.947372436523,-34.5658187866211,1.67154597139405,1.81309391840344,2.06091151712379,2.45690380219065,2.7038448348273,3.13618126235231
"SA","Yorke Peninsula",137.473678588867,-34.5658187866211,2.15609494712932,2.35075581647996,2.69156181350433,3.49688378136775,3.90588178605759,4.62194235454413
"SA","Yorke Peninsula",137.947372436523,-34.5658073425293,2.14397281129437,2.33374737911188,2.66599859637334,2.51222602438164,2.75528980119965,3.18083805378532
"SA","Adelaide Plains",138.368423461914,-34.5658187866211,2.36728937476293,2.56899509083097,2.92213497918862,2.83601537622217,3.11253147830455,3.59664698738373
"SA","Lower Eyre Peninsula",135.315795898438,-34.5224647521973,1.74656522198441,1.91835261558661,2.21911246602869,3.57914168181276,3.97620973944916,4.67138373985678
"SA","Lower Eyre Peninsula",136,-34.5224761962891,1.6738606079725,1.81634155989256,2.06579263363986,2.46678457249111,2.71555188103984,3.15108569376677
"SA","Tumby Bay",136.052627563477,-34.5224761962891,1.67511696956697,1.81810434722494,2.0684420548864,2.47735373833552,2.73007363232362,3.17252750467005
"SA","Tumby Bay",136.105270385742,-34.5224761962891,1.67246498262794,1.81438337310226,2.06284953234137,2.48570391053953,2.74153949156598,3.18944820869484
"SA","Unincorporated SA",137.421051025391,-34.5224761962891,2.14808603092003,2.33951859297525,2.67467257328879,3.48903878250976,3.89588407386214,4.60817574098849
"SA","Yorke Peninsula",137.947372436523,-34.5224647521973,2.33672971970241,2.52611717012763,2.85769063469389,2.70612390950233,2.94918374041788,3.37472508464429
"SA","Adelaide Plains",138.315795898438,-34.5224761962891,2.36248306963773,2.5622514162173,2.91199942030807,2.82801704277732,3.10175374482362,3.58100316960151
"SA","Lower Eyre Peninsula",135.315795898438,-34.4791030883789,1.75280804011065,1.92711184601813,2.23227735029028,3.47443027922848,3.92981423443796,4.72708583505184
"SA","Tumby Bay",136.157897949219,-34.4791145324707,1.66756524211459,1.80750860030844,2.05251693647428,2.40238296053489,2.64515745311485,3.07019923614914
"SA","Yorke Peninsula",137.421051025391,-34.4791145324707,2.01453347782651,2.20871204079969,2.5486736313114,3.35580726601441,3.76519604596279,4.48194077121923
"SA","Yorke Peninsula",137.947372436523,-34.4791145324707,2.33601952755627,2.5251207072269,2.85619297815185,2.70706092613698,2.9503202825121,3.37621094950383
"SA","Adelaide Plains",138.263153076172,-34.4791145324707,2.35680335851302,2.55428227511472,2.90002201874294,2.81932932622603,3.09011112481641,3.5641871995432
"SA","Lower Eyre Peninsula",135.315795898438,-34.4357147216797,1.75586347578343,1.93139889468514,2.23872066742484,3.47143610825389,3.92659869146726,4.72348272110143
"SA","Tumby Bay",136.157897949219,-34.4357261657715,1.67077420598477,1.81201106272476,2.05928401459451,2.4114535446882,2.65751239156597,3.08830431660251
"SA","Yorke Peninsula",137.421051025391,-34.4357261657715,2.0194254954704,2.21557597771908,2.55898994115496,3.36145578790681,3.77281421763404,4.4930073424528
"SA","Yorke Peninsula",138,-34.4357261657715,2.33892808923162,2.52920167858048,2.86232656670905,2.71070337032174,2.95549614738868,3.38407147807003
"SA","Adelaide Plains",138.263153076172,-34.4357261657715,2.35688422913101,2.55439574380207,2.90019255908299,2.81991315179664,3.09089523131231,3.56532195144953
"SA","Lower Eyre Peninsula",135.315780639648,-34.3923187255859,1.7561455846867,1.93179471862884,2.23931558000849,3.46845325414461,3.92289150019183,4.7185073835832
"SA","Tumby Bay",136.157897949219,-34.3923187255859,1.67679531448196,1.8204592147794,2.07198135654632,2.42278762100605,2.67305692765133,3.11122039039743
"SA","Yorke Peninsula",137.421051025391,-34.3923187255859,2.02416840296466,2.22223069980411,2.56899180681285,3.29870242930094,3.69729710100001,4.3951438482696
"SA","Yorke Peninsula",138,-34.3923187255859,2.33830248550952,2.52832390078046,2.86100729063395,2.71107014119693,2.95592364673005,3.38460529885921
"SA","Adelaide Plains",138.263153076172,-34.3923187255859,2.35787873330476,2.55579112182634,2.90228977416761,2.82179788444527,3.09338447101625,3.56886954268748
"SA","Lower Eyre Peninsula",135.315780639648,-34.3488883972168,1.75525290119373,1.93054220409787,2.23743308485495,3.84606040829485,4.36670480983685,5.27823230354729
"SA","Tumby Bay",136.210525512695,-34.3488883972168,1.68038024417419,1.82548919076461,2.07954127316246,2.42094205330052,2.67623403529362,3.12319103669676
"SA","Yorke Peninsula",137.421051025391,-34.3488883972168,2.03113878632317,2.23201076912513,2.5836909840623,3.30479504119105,3.70547890911282,4.40698335401846
"SA","Yorke Peninsula",138,-34.3488883972168,2.00409000709744,2.19405892024246,2.52665039106042,2.37882747373987,2.62408474299723,3.05347329168483
"SA","Adelaide Plains",138.210510253906,-34.3488883972168,2.34948597758904,2.54401533727157,2.88459109139347,2.8114100349556,3.07916111239727,3.54793109789184
NA,NA,NA,NA,NA,NA,NA,NA,NA,NA
"SA","Lower Eyre Peninsula",135.315795898438,-34.3054237365723,1.7545745283667,1.92959038653883,2.23600252904289,3.84544871212363,4.36583825019456,5.27691953712677
"SA","Tumby Bay",136.263153076172,-34.3054351806641,1.68906164957705,1.83766997656603,2.09784866175609,2.42959868784463,2.68816313022571,3.14084945015582
"SA","Yorke Peninsula",137.473678588867,-34.3054237365723,2.04748904205785,2.25495163568539,2.61817048034771,3.32882759308688,3.73829540651154,4.45517850103948
"SA","Yorke Peninsula",138.052627563477,-34.3054351806641,2.00380864664674,2.19366414644446,2.52605705681709,2.38092224661945,2.62650071452135,3.05645160747804
"SA","Wakefield",138.210525512695,-34.3054351806641,2.3490288366126,2.5433739277236,2.88362707034971,2.81221532661914,3.08005726442849,3.54898632533613
"SA","Lower Eyre Peninsula",135.315795898438,-34.2619590759277,1.75408361395578,1.9289015898511,2.23496728642146,3.98473068585716,4.53987105464915,5.51179297971695
"SA","Tumby Bay",136.315795898438,-34.2619476318359,1.70024472165914,1.85336082376328,2.12143157682303,2.42363534326554,2.68840337021808,3.15195072673996
"SA","Yorke Peninsula",137.473678588867,-34.2619476318359,2.05098943559882,2.25986299991326,2.62555212672999,3.31411028739931,3.72314704364941,4.43927545712286
"SA","Yorke Peninsula",138.052627563477,-34.2619590759277,2.00287872983024,2.19235939024091,2.52409604385555,2.38103788914705,2.6264527262833,3.05611713975176
"SA","Wakefield",138.157897949219,-34.2619590759277,2.00941175353568,2.20152580497432,2.53787291500908,2.47156765196289,2.73691021076128,3.20146343918338
NA,NA,NA,NA,NA,NA,NA,NA,NA,NA
"SA","Lower Eyre Peninsula",135.263153076172,-34.2184600830078,1.74600252324682,1.9175630990884,2.21792584428117,4.16005128686735,4.71688477742522,5.69177096569303
"SA","Tumby Bay",136.315795898438,-34.2184600830078,1.70588592084277,1.86127592917886,2.13332776422546,2.40512399174612,2.67234403820771,3.14018431172052
"SA","Yorke Peninsula",137.473663330078,-34.2184600830078,2.05546710404839,2.26614556797027,2.63499465504145,3.32599428027738,3.7395091881148,4.46347780553698
"SA","Yorke Peninsula",138.052627563477,-34.2184600830078,2.0032855730261,2.19293022751823,2.52495399670276,2.382914107507,2.62878454105393,3.0592465980832
"SA","Wakefield",138.105255126953,-34.2184600830078,2.00662576323547,2.19761681218837,2.53199780554498,2.4678407498631,2.73184454335673,3.194053904488
"SA","Wakefield",138.157897949219,-34.2184600830078,2.01054719733389,2.2031189338577,2.54026734423747,2.4741696380046,2.74021656052452,3.20600296632418
NA,NA,NA,NA,NA,NA,NA,NA,NA,NA
"SA","Lower Eyre Peninsula",135.263153076172,-34.1749382019043,1.74621513057811,1.91786140612995,2.21837419162254,4.16380033681937,4.72220243046536,5.6998348786321
"SA","Tumby Bay",136.368423461914,-34.1749267578125,1.71443518319985,1.87327130650537,2.1513564889419,2.40603502142912,2.67300431746482,3.14040558518681
"SA","Yorke Peninsula",137.473678588867,-34.1749267578125,2.06295747593738,2.27665522756094,2.65079038655252,3.34426321597603,3.7644987426346,4.50023360360433
"SA","Lower Eyre Peninsula",135.263153076172,-34.1313934326172,1.745356166569,1.91665620304121,2.21656280427532,4.09632093900377,4.64389627407348,5.60257358110966
"SA","Tumby Bay",136.368423461914,-34.1313934326172,1.71967672251382,1.88062565349072,2.16240987172921,2.40697416112512,2.67355591382841,3.14027868313295
"SA","Yorke Peninsula",137.473663330078,-34.1313934326172,2.074415424722,2.29273175127947,2.67495296290417,3.35846963841321,3.78341256835935,4.52738899979044
"SA","Lower Eyre Peninsula",135.263153076172,-34.0878295898438,1.74409283412002,1.91488363497845,2.21389868285799,3.86639592826446,4.38506158069535,5.29312474402487
"SA","Tumby Bay",136.421051025391,-34.0878295898438,1.7329839864312,1.89929693122269,2.19047229254109,2.41213980639751,2.67955108638236,3.14772616540476
"SA","Yorke Peninsula",137.473678588867,-34.087818145752,2.09165007210735,2.31691349817667,2.71129746846705,3.36252204109281,3.78746582980647,4.53144376474016
"SA","Lower Eyre Peninsula",135.263153076172,-34.0442428588867,1.74347074908578,1.91401079421123,2.21258682700842,3.8699644581017,4.38992277557226,5.30024909532933
"SA","Tumby Bay",136.473678588867,-34.0442390441895,1.74681460327733,1.91870251977504,2.21963836247352,2.41599725339322,2.68385736404097,3.15281824137032
"SA","Copper Coast",137.526321411133,-34.0442390441895,2.07601304045905,2.29497334859958,2.67832202249349,3.34972967008635,3.76651009515335,4.49619587524378
"SA","Lower Eyre Peninsula",135.210510253906,-34.0006294250488,1.7410937208807,1.9106756117072,2.2075741387363,4.34735303098631,4.91061154256682,5.896746451252
"SA","Cleve",136.526321411133,-34.0006294250488,1.75061843670003,1.92403963721124,2.22765990430727,2.50916566247393,2.79323257356812,3.29056779651273
"SA","Copper Coast",137.526321411133,-34.0006294250488,2.06458651368315,2.27894091276085,2.65422570902183,3.34761348113567,3.76290076059766,4.48997238932675
"SA","Elliston",135.157897949219,-33.9569969177246,1.74342355032205,1.91394457013755,2.21248729403322,4.17509813529924,4.69586328360156,5.60760217686129
"SA","Copper Coast",137.526321411133,-33.9569969177246,2.04796574313841,2.25562048980338,2.61917574983114,3.292443516791,3.68914112420736,4.38366655226958
"SA","Elliston",135.157897949219,-33.9133415222168,1.75076010118788,1.92423840511829,2.22795864704635,4.1825561310287,4.70573689817058,5.62170497929838
"SA","Cleve",136.631576538086,-33.9133415222168,1.97350581089021,2.15114656612223,2.46215429407996,2.86680363513273,3.18918946300324,3.7536122145324
"SA","Elliston",135.105255126953,-33.8696632385254,1.74830418501001,1.9207925357549,2.22277959944574,3.86618509847189,4.3479283909973,5.19134907265061
"SA","Franklin Harbour",136.684204101562,-33.8696632385254,1.98419149776162,2.1661395375228,2.48468832087248,2.88150520630108,3.20896739256386,3.78227766929977
"SA","Franklin Harbour",136.736831665039,-33.8696632385254,1.99050657989585,2.17500016080045,2.49800559581438,2.89453197337727,3.22659563778261,3.80796203463857
"SA","Copper Coast",137.57893371582,-33.8696632385254,2.04366497678893,2.24958613116513,2.61010627350139,3.30677718457744,3.70653516784948,4.40641860365226
"SA","Elliston",135.052627563477,-33.8259620666504,1.74590556944181,1.91742706425572,2.21772138764062,3.96634891139295,4.42803978014382,5.23635332239079
"SA","Franklin Harbour",136.789474487305,-33.8259620666504,1.99288451406071,2.17833661444683,2.50302019457876,2.90460313082433,3.23942040641785,3.82560773728865
"SA","Franklin Harbour",136.842086791992,-33.8259620666504,2.00088187109503,2.18955761939844,2.51988505875166,2.9749649288344,3.32654936742339,3.94209210865993
"SA","Copper Coast",137.631576538086,-33.8259620666504,2.04549855038037,2.25215879839261,2.61397292212516,3.31522689211172,3.71698465945842,4.42036925298067
"SA","Elliston",135,-33.7822418212891,1.74376095364453,1.91441797708138,2.21319881174848,4.07001794027893,4.54342053780677,5.37223859858401
"SA","Copper Coast",137.631576538086,-33.7822418212891,2.04620741886684,2.25315340408078,2.61546778732744,3.31539853996472,3.71676003848997,4.41945085728886
"SA","Elliston",134.947357177734,-33.7384948730469,1.74273359475306,1.91297650095885,2.21103231248039,3.9087416163218,4.34144608057902,5.09901115696042
"SA","Franklin Harbour",136.947372436523,-33.7384948730469,2.0190741606202,2.21508302359975,2.55824904456845,2.98669296571185,3.33969586061039,3.95772198958906
"SA","Franklin Harbour",137,-33.7384948730469,2.03080408372478,2.23154115153801,2.58298516164674,2.99936517047133,3.35647507044373,3.98169161197754
"SA","Franklin Harbour",137.052627563477,-33.7384948730469,2.04649940508521,2.25356308677821,2.61608352923968,3.01346614787697,3.37492236097221,4.00774828790616
"SA","Franklin Harbour",137.105255126953,-33.7384948730469,2.06373310611445,2.27774350585342,2.65242603912233,3.02466561711981,3.3889094125877,4.02661574919499
"SA","Franklin Harbour",137.157897949219,-33.7384948730469,2.07584971140128,2.29474418336937,2.67797759340739,3.00859649395168,3.36104913137383,3.97811188723858
"SA","Barunga West",137.684204101562,-33.7384948730469,2.06614224287298,2.28112373952069,2.65750643806317,3.31977571477917,3.72007972622596,4.42091913061723
"SA","Elliston",134.894729614258,-33.6947288513184,1.74513560787333,1.91634673952652,2.21609768905932,3.89247418727657,4.34222481324151,5.1296337619719
"SA","Franklin Harbour",137.210525512695,-33.6947174072266,2.0196766282377,2.21592833938222,2.55951953111721,2.97582412538684,3.31146355136557,3.89909027672111
"SA","Barunga West",137.736846923828,-33.6947174072266,2.08300031783914,2.30477712173912,2.6930568259352,3.3370386053661,3.74244328677251,4.45221278028173
"SA","Franklin Harbour",137.210525512695,-33.650936126709,2.01691891004064,2.2120590148777,2.55370404199738,2.97979112950043,3.31667550463413,3.90648184697905
"SA","Barunga West",137.789474487305,-33.650936126709,2.09837881245868,2.32635452081406,2.72548706780505,3.35673270465225,3.76969222538796,4.49268848891302
NA,NA,NA,NA,NA,NA,NA,NA,NA,NA
"SA","Elliston",134.842102050781,-33.6071128845215,1.76819018187753,1.94869436236596,2.26471528328161,3.8004631448331,4.25602825458288,5.05361701474676
"SA","Franklin Harbour",137.263153076172,-33.6071243286133,2.0166452717609,2.21167507597404,2.55312699230452,2.99101062402769,3.33089217385882,3.92594587338663
"SA","Barunga West",137.842102050781,-33.6071128845215,2.11603701917868,2.35113055922169,2.76272477728734,3.37487549148747,3.79435407840366,4.52876371358743
"SA","Elliston",134.842102050781,-33.5632781982422,1.77517109775943,1.95848920975635,2.27943667156596,3.85298042197467,4.35079226930865,5.22234526055524
"SA","Franklin Harbour",137.263153076172,-33.563289642334,2.01811124214856,2.21373196313166,2.55621843756114,2.99544912912298,3.33626741743706,3.93296112861022
"SA","Barunga West",137.894729614258,-33.563289642334,2.79116045819177,3.0317799672655,3.45304887440102,4.05101273334474,4.47561011602059,5.21898157439079
"SA","Elliston",134.842086791992,-33.5194358825684,1.778632679333,1.96334611733355,2.28673647108865,3.85310303496668,4.35081183588399,5.22218441677444
"SA","Franklin Harbour",137.315795898438,-33.5194358825684,2.02741225662196,2.22678211570248,2.57583246068044,2.99304668360251,3.33091749900507,3.92245086928555
"SA","Barunga West",137.894729614258,-33.5194358825684,2.79090621127723,3.03142323617612,3.45251271731041,4.05244615131545,4.47721208052449,5.2208786247508
"SA","Elliston",134.842086791992,-33.4755554199219,1.78132059885571,1.96711750807481,2.29240476843533,3.75573987295846,4.24444985544068,5.10006759408139
"SA","Franklin Harbour",137.315795898438,-33.4755554199219,2.03150979938297,2.23253133352701,2.58447337814989,2.99542942529928,3.3331947902161,3.92454354117351
"SA","Port Pirie",137.894729614258,-33.4755554199219,2.79148245172481,3.03223175290083,3.45372789587975,4.05380980659299,4.4788200576499,5.22291435271921
"SA","Elliston",134.842086791992,-33.4316558837891,1.78384873873332,1.9706647137283,2.29773612171407,3.74358342185204,4.23912908838982,5.10671452309426
"SA","Franklin Harbour",137.368423461914,-33.4316558837891,2.55402359626306,2.76235930971,3.12710678450513,3.51368629786536,3.85494873964126,4.45242006042796
"SA","Port Pirie",137.894729614258,-33.4316558837891,2.79227629662533,3.03334558807429,3.45540195974411,4.05551321732404,4.48094190720256,5.22576879151935
"SA","Elliston",134.789474487305,-33.3877296447754,2.10918735713508,2.29377236560978,2.61693786907653,4.06372830328893,4.55490046688625,5.41482891313135
"SA","Franklin Harbour",137.421051025391,-33.3877296447754,2.58582837012846,2.80698424310952,3.19417684139874,3.52793014715442,3.87347039687067,4.47843116638456
"SA","Port Pirie",137.842102050781,-33.3877182006836,2.79071548801735,3.03115563443791,3.45211051920187,4.04760196019774,4.47016974741181,5.2099878552436
"SA","Elliston",134.789474487305,-33.3437843322754,2.11329675050443,2.29953821089438,2.62560377716463,4.26250282012365,4.77924557602294,5.68394219387361
"SA","Franklin Harbour",137.421051025391,-33.3437843322754,2.59196224455426,2.81559061581606,3.20711198467183,3.53250665918495,3.87975006400523,4.48769266276527
"SA","Port Pirie",137.842086791992,-33.3437843322754,2.79355970446303,3.03514632369731,3.45810841623571,4.05137429230773,4.47507408301031,5.21687406618674
"SA","Elliston",134.736831665039,-33.2998161315918,2.1061087704392,2.28945283399325,2.61044573095544,4.25358799349056,4.7671354611668,5.66623787103785
"SA","Whyalla",137.421051025391,-33.2998161315918,2.59594332195795,2.82117642236038,3.21550729944733,3.53459678241729,3.8826054059281,4.49188772499064
"SA","Port Pirie",137.789474487305,-33.2998161315918,2.79496427028587,3.03711705477576,3.46107037125692,3.73066289740357,4.0904423492886,4.7203326565578
"SA","Streaky Bay",134.631576538086,-33.2558288574219,2.09479766371449,2.27358234277701,2.58659281583122,4.24929981279513,4.7354419089898,5.5865638748057
"SA","Elliston",134.684204101562,-33.2558288574219,2.10261079559907,2.2845448634183,2.60306918514087,4.25305590038798,4.73696797110056,5.58418567993689
"SA","Whyalla",137.421051025391,-33.2558288574219,2.59832709438191,2.82452106760481,3.22053420995997,3.53507084223922,3.88289567858968,4.49185622899563
"SA","Port Pirie",137.789474487305,-33.2558288574219,2.79187667745229,3.03278488674507,3.45455924095024,3.7315218530457,4.0908725964604,4.72001233471105
"SA","Streaky Bay",134.526321411133,-33.2118148803711,2.08945215275321,2.26608211430052,2.57532017714447,3.91995304770744,4.33738910822981,5.06822275381472
"SA","Streaky Bay",134.57893371582,-33.2118148803711,2.09879498909743,2.27919094668487,2.59502239442187,3.6888435881164,4.07832562374273,4.76021826049871
"SA","Whyalla",137.421051025391,-33.2118148803711,2.599127977039,2.82564477737821,3.22222311507854,3.53633952220728,3.88420285802486,4.49323081206112
"SA","Port Pirie",137.789474487305,-33.2118148803711,2.78689865108169,3.02580027191368,3.44406155549877,3.73036194716478,4.08867923753441,4.71600963939107
"SA","Streaky Bay",134.315795898438,-33.167781829834,2.08082979775407,2.25398418148036,2.55713731432025,4.24937889378227,4.69701360939883,5.48071809026005
"SA","Streaky Bay",134.368423461914,-33.167781829834,2.08361429032615,2.25789107282022,2.56300926536822,3.86465417296998,4.26030441458489,4.9529961482462
"SA","Streaky Bay",134.421051025391,-33.167781829834,2.0858276955322,2.26099667766822,2.5676769046895,3.87282721932381,4.27102112594363,4.96816622658614
"SA","Streaky Bay",134.473678588867,-33.167781829834,2.09118130682178,2.26850827162752,2.5789666253867,3.9168161906667,4.32662062668822,5.04409306924554
"SA","Whyalla",137.473678588867,-33.1677703857422,2.60428564644921,2.83288144741088,3.23309963261787,3.53737207623424,3.88485146727629,4.49320722313292
"SA","Port Pirie",137.842102050781,-33.1677703857422,2.78773041369183,3.02696730901442,3.44581558040773,3.73259148074435,4.09193210455787,4.72105412573583
"SA","Port Pirie",137.894729614258,-33.167781829834,2.79677964737615,3.03966419068975,3.46489864701339,3.74271999892236,4.10615567776307,4.74244718973837
"SA","Port Pirie",137.947372436523,-33.1677703857422,2.80440726575303,3.05036641933962,3.48098380456441,3.75338786623499,4.12100585961075,4.76461963352672
"SA","Streaky Bay",134.263153076172,-33.1237258911133,2.10258147604831,2.2845037254745,2.60300735593415,4.35530550131313,4.80707099439388,5.5980075077476
"SA","Whyalla",137.473678588867,-33.1237258911133,2.60472289801925,2.83349495034834,3.23402171078775,3.53677757610719,3.88371246080421,4.49111491244297
"SA","Whyalla",137.526321411133,-33.1237258911133,2.60984571293826,2.84068271642227,3.24482472701189,3.54096503686629,3.88941365164585,4.49946629328799
"SA","Streaky Bay",134.210510253906,-33.079647064209,2.10335089180985,2.28558328438789,2.60462990351519,4.41805990777589,4.89036026105988,5.71724854802212
"SA","Streaky Bay",134.263153076172,-33.079647064209,2.11505955937759,2.30201158891284,2.62932119681729,4.36702394565567,4.82308391259284,5.62153905282425
"SA","Unincorporated SA",137.578948974609,-33.079647064209,2.6203923796919,2.85548063020276,3.26706558752543,3.54422405039599,3.89282081619393,4.50313283588007
"SA","Mount Remarkable",138,-33.079647064209,2.80280192432776,3.04811398219012,3.47759845300738,3.7618005094577,4.13192587965091,4.77992948835511
"SA","Streaky Bay",134.157897949219,-33.0355453491211,2.11872764666404,2.30715824241695,2.63705647655971,4.54997487473397,5.04048463989563,5.8992533802376
"SA","Whyalla",137.684204101562,-33.0355453491211,2.6223389183438,2.85821179748187,3.27117045740065,3.55759713798228,3.90997945061338,4.52691908409296
"SA","Whyalla",137.736831665039,-33.0355453491211,2.62199822887992,2.8577337797887,3.27045200985497,3.56330354711871,3.91781849877611,4.53849188815681
"SA","Mount Remarkable",138,-33.0355453491211,2.79848635692765,3.04205885635819,3.46849776415235,3.76083980365807,4.13031883624778,4.77719085783794
"SA","Streaky Bay",134.157897949219,-32.9914245605469,2.13425894608083,2.32895004024628,2.66980895390554,4.48504331873458,4.9651588538835,5.80572971021
"SA","Mount Remarkable",137.947372436523,-32.9914245605469,2.78916751182643,3.02898368582681,3.44884613972118,3.75150391383944,4.11701141169669,4.75693019785368
"SA","Streaky Bay",134.157897949219,-32.9472770690918,2.14260439981752,2.34065945590711,2.68740788604359,4.49064431796953,4.97265930419311,5.81655565844564
"SA","Whyalla",137.842102050781,-32.947265625,2.62225610695368,2.85809560571819,3.27099582435121,3.58369488944621,3.94437556165129,4.57584369650722
"SA","Mount Remarkable",137.894729614258,-32.9472770690918,2.7811053503978,3.0176717545321,3.43184461573637,3.74692660637323,4.11007499341881,4.74586352414775
"SA","Streaky Bay",134.105270385742,-32.9030990600586,2.14568486096804,2.34498161755063,2.69390397702346,4.43337398670901,4.91871275297093,5.76842827454576
"SA","Whyalla",137.842102050781,-32.9030990600586,2.61906957153618,2.85362461242068,3.26427604345765,3.58775368362077,3.94961276676591,4.58314402564191
"SA","Mount Remarkable",137.894729614258,-32.9031105041504,2.62005055292978,2.85500101677875,3.26634474163984,3.59333752078985,3.95755479448952,4.59521469763693
NA,NA,NA,NA,NA,NA,NA,NA,NA,NA
"SA","Streaky Bay",134.105270385742,-32.8589096069336,2.15377178760764,2.35632829664436,2.71095772600178,4.23225436539507,4.71911517939412,5.57149545325477
"SA","Whyalla",137.842102050781,-32.8589096069336,2.61621550101342,2.84962009701257,3.25825736609965,3.59242826387899,3.95617622046869,4.59301445829567
"SA","Mount Remarkable",137.894729614258,-32.8589210510254,2.61769193356909,2.8516916635247,3.26137087402545,3.59547576318799,3.96043937413671,4.59940594056534
"SA","Streaky Bay",134.105270385742,-32.8147125244141,2.15639756235902,2.36001249273071,2.71649497216206,4.30699380009095,4.79813050493874,5.65799687114418
"SA","Whyalla",137.842102050781,-32.8147010803223,2.61597997701494,2.84928963584371,3.25776069198256,3.58978113147292,3.95238768797588,4.58722759919591
"SA","Mount Remarkable",137.894729614258,-32.8147125244141,2.61735174654955,2.85121435080572,3.26065348603674,3.59310401431878,3.95706995142744,4.59428982254496
NA,NA,NA,NA,NA,NA,NA,NA,NA,NA
"SA","Streaky Bay",134.052627563477,-32.7704772949219,2.15483465876693,2.35781959964486,2.71319911370748,4.2978813909723,4.78568801528401,5.63972418345808
"SA","Port Augusta",137.789474487305,-32.7704772949219,2.61603523855979,2.84936717271818,3.25787722778859,3.58433461362421,3.94450968543942,4.57509263137402
"SA","Port Augusta",137.894729614258,-32.7704772949219,2.61673654458955,2.85035116760535,3.25935614524655,3.59214843638073,3.95560534224389,4.59193401780822
"SA","Streaky Bay",134.052627563477,-32.7262229919434,2.16267048329716,2.36881396009124,2.72972333737513,3.39984064686555,3.74550183869705,4.35067434978129
"SA","Port Augusta",137.789474487305,-32.7262229919434,2.61516984716074,2.84815295142831,3.25605228633121,3.58397399111835,3.94381659421018,4.57381746458366
"SA","Streaky Bay",134.105270385742,-32.6819343566895,2.18246337559,2.39658515268295,2.77146268184549,3.42714444991749,3.78470056061304,4.41069831354745
"SA","Streaky Bay",134.157897949219,-32.6819458007812,2.20558902715461,2.42903250367683,2.82023016476189,3.45323687150841,3.82116741645129,4.46532839561102
"SA","Streaky Bay",134.210525512695,-32.6819343566895,2.23475687856112,2.46995759976245,2.88173946715713,3.48201626797766,3.86114067063922,4.5248994963157
"SA","Port Augusta",137.789474487305,-32.6819458007812,2.61422007062068,2.84682033026192,3.25404939309109,3.58352946635617,3.9431046929593,4.57263744916524
"SA","Port Augusta",137.842102050781,-32.6819343566895,2.61673383471038,2.85034736540327,3.25935043064061,3.58765526044963,3.94886819987058,4.58126821107022
NA,NA,NA,NA,NA,NA,NA,NA,NA,NA
"SA","Streaky Bay",134.210525512695,-32.6376342773438,2.23776058864284,2.47417207281344,2.88807370512171,3.48721829348391,3.86706416696623,4.53208612058017
"SA","Port Augusta",137.842102050781,-32.6376457214355,2.61590875519989,2.84918970528718,3.25761049908364,3.587664264027,3.94879888343334,4.58106177446723
"SA","Streaky Bay",134.210525512695,-32.5933151245117,2.24147098087901,2.47937808393385,2.8958981977413,3.4948733704031,3.8765916798108,4.54489183409513
"SA","Ceduna",133.894729614258,-32.5489845275879,2.14551483297035,2.34474305311043,2.69354542118129,4.23329372495739,4.69182174315108,5.49459786824188
"SA","Ceduna",133.947372436523,-32.5489845275879,2.16023896892784,2.36540232864085,2.72459574842325,4.09006297251969,4.519669543022,5.27181092653004
"SA","Streaky Bay",134.210525512695,-32.5489845275879,2.24627215840325,2.4861145640662,2.9060229435128,3.50291239259086,3.88712356279987,4.55978813769773
"SA","Ceduna",133.842086791992,-32.5046195983887,2.14033207479052,2.33747118129711,2.68261599632644,4.1710778391949,4.61371134821519,5.38865987721998
"SA","Ceduna",134,-32.5046195983887,2.17112302003632,2.38067362275189,2.74754808665302,4.11144697615797,4.54921485570793,5.31564479693323
"SA","Ceduna",134.052627563477,-32.5046195983887,2.19111470624049,2.40872374092538,2.78970664865971,4.13313071557487,4.57948797043105,5.36095591402846
"SA","Ceduna",134.105255126953,-32.5046195983887,2.2130801461482,2.43954321152188,2.83602747177068,4.15637275889222,4.61173728066275,5.408974857836
"SA","Streaky Bay",134.157897949219,-32.5046195983887,2.23532805308881,2.47075900854988,2.88294396269074,4.18037254025834,4.64523907317118,5.45911246622202
"SA","Ceduna",133.842086791992,-32.4602317810059,2.15047359454808,2.3517006377198,2.70400248094684,3.83206945018348,4.2201003584361,4.89945240800034
"SA","Ceduna",133.842102050781,-32.4158134460449,2.16101532647249,2.36649162749491,2.72623293486926,3.85212594711353,4.24815144735258,4.9415001717587
"SA","Unincorporated SA",133.842086791992,-32.3713912963867,2.17401602111896,2.38473276120653,2.75364886095902,3.87519410281017,4.28080640174291,4.99093938534796
"SA","Unincorporated SA",133.842102050781,-32.3269309997559,2.18530557804649,2.40057301613595,2.77745633176945,3.89584899708907,4.30968638239649,5.0342195830143
"SA","Ceduna",133.736846923828,-32.2824668884277,2.1590020834899,2.36366686809256,2.72198739858734,3.43798084184514,3.8142340204203,4.47296599919783
"SA","Ceduna",133.789474487305,-32.2824668884277,2.16867599423919,2.37724022738534,2.74238778712918,3.45518781949443,3.83807011618651,4.50840814201792
"SA","Ceduna",133.842102050781,-32.2824668884277,2.18741776805652,2.40353660703975,2.78191052800874,3.90362481943638,4.32064753921117,5.05075752109288
"SA","Unincorporated SA",133.210510253906,-32.2379684448242,2.10983628061321,2.29468286310665,2.61830632196294,3.97253747234559,4.3974294817657,5.14131676317552
"SA","Ceduna",133.263153076172,-32.2379684448242,2.11384633930748,2.30030933298558,2.62676275262048,3.64254182888007,4.03476756128833,4.72146377423515
"SA","Unincorporated SA",133.684204101562,-32.2379684448242,2.16771839978851,2.37589663699333,2.74036840744233,3.4501265227182,3.83026272172484,4.4957929679407
"SA","Unincorporated SA",133.157897949219,-32.1934509277344,2.11425911113374,2.30088848865995,2.62763320779141,4.22003737983127,4.68107978198248,5.48825800973738
"SA","Ceduna",133.315795898438,-32.1934509277344,2.11768387487826,2.30569373754034,2.63485536570279,3.64708598488239,4.04902175405053,4.75271798744385
"SA","Ceduna",133.368423461914,-32.1934509277344,2.1262013530127,2.31764451876867,2.65281706370088,3.57338608458676,3.98995628206568,4.71927400244799
"SA","Ceduna",133.421051025391,-32.1934509277344,2.13159993141842,2.32521920560111,2.66420161126434,3.58284776577607,4.00263570277529,4.73758693814723
"SA","Unincorporated SA",133.105270385742,-32.1489105224609,2.11207886838561,2.29782941369711,2.62303550161755,4.19566953444101,4.63429414837894,5.4022240326501
"SA","Ceduna",133.473678588867,-32.1489105224609,2.13707778277602,2.33290511945293,2.67575333000206,3.60230181983743,4.02882053703095,4.77555580615617
"SA","Ceduna",133.526321411133,-32.1489105224609,2.14713610139822,2.34701783726462,2.69696435967641,3.62388859860094,4.05848041436069,4.81934980512585
"SA","Ceduna",133.578948974609,-32.1489105224609,2.15244607201289,2.3544681994661,2.70816205071289,3.64994388195455,4.09493102025789,4.87400020780645
"SA","Unincorporated SA",132.947357177734,-32.1043510437012,2.07775311843821,2.24966732608806,2.55064919849114,4.1943935891029,4.63605999252128,5.40931534410428
"SA","Unincorporated SA",133,-32.1043510437012,2.08829203331302,2.26445436329141,2.57287371180607,3.89619093274594,4.29975394367649,5.00629909967603
"SA","Unincorporated SA",132.210510253906,-32.0597686767578,2.04546220345772,2.20436029336045,2.48255396492481,4.19343001508208,4.62252649916607,5.3737748397583
"SA","Unincorporated SA",132.263153076172,-32.0597686767578,2.0442100137827,2.20260335960302,2.47991334144166,4.00633259365439,4.41202970147316,5.12231116575162
"SA","Unincorporated SA",132.315780639648,-32.0597686767578,2.04312288644112,2.20107802301611,2.47762080218452,3.92429932984837,4.31398695535136,4.99623953225932
"SA","Unincorporated SA",132.894729614258,-32.0597686767578,2.07460745393023,2.24525367832058,2.54401560636399,4.03391463316082,4.45319559083113,5.18725922307955
"SA","Unincorporated SA",132.157897949219,-32.0151634216309,2.07265419895346,2.24251308743886,2.53989657307124,4.09314149017682,4.51491333543239,5.25333793365109
"SA","Unincorporated SA",132.368423461914,-32.0151634216309,2.04107217097975,2.19820068638505,2.47329624376291,3.94420647309649,4.33472264195407,5.01842580595219
"SA","Unincorporated SA",132.473678588867,-32.0151634216309,2.05662294768076,2.22001981258073,2.50608979489744,4.00290387596648,4.40055150578918,5.09674020256315
"SA","Unincorporated SA",132.842086791992,-32.0151634216309,2.07423373447385,2.24472931660302,2.54322750501458,3.78841309664338,4.1682924295726,4.83337296291132
"SA","Unincorporated SA",132.105255126953,-31.9705352783203,2.0819257691784,2.25552192710387,2.55944850402072,4.10595860032358,4.53257813154339,5.27948990262748
"SA","Unincorporated SA",132.526321411133,-31.9705352783203,2.06760153970684,2.23542375602828,2.52924150145941,3.55119283050645,3.87797413995058,4.45009235942402
"SA","Unincorporated SA",132.57893371582,-31.9705352783203,2.07198923223135,2.24158007984031,2.5384942881164,3.67020331448859,4.02041028914892,4.63354141078705
"SA","Unincorporated SA",132.631576538086,-31.9705352783203,2.07259402802069,2.24242866225544,2.53976968432489,3.67623525026903,4.0289097470261,4.6463609270877
"SA","Unincorporated SA",132.684204101562,-31.9705352783203,2.07174713758615,2.24124039946829,2.5379837577886,3.73385939781949,4.09784298643503,4.73509376124375
"SA","Unincorporated SA",132.736831665039,-31.9705352783203,2.07237283329118,2.24211830632855,2.53930322783772,3.79178665824454,4.16499598354137,4.81839888177604
"SA","Unincorporated SA",132.789474487305,-31.9705352783203,2.07673797570551,2.24824299032547,2.54850846071618,3.78688624862876,4.16586303890499,4.829363429559
"SA","Unincorporated SA",132,-31.9258880615234,2.0715591767457,2.24097667365082,2.53758738508315,4.24799826944146,4.69297155710086,5.47201649538692
"SA","Unincorporated SA",132.052627563477,-31.9258880615234,2.08344525805683,2.2576539054757,2.56265280932273,4.16657421046973,4.61535351339517,5.40106190094949
"SA","Unincorporated SA",131.947372436523,-31.881217956543,2.07170284991871,2.24117825992225,2.53789036374695,4.11934849643663,4.54647531202536,5.29427522028716
"SA","Unincorporated SA",131.842086791992,-31.8365249633789,2.05604172261227,2.21920430198847,2.50486410473606,4.20870266518831,4.64467526339502,5.40796208371388
"SA","Unincorporated SA",131.894729614258,-31.8365268707275,2.06677782316196,2.23426800827447,2.52750444413075,4.22527691289627,4.66767394039149,5.44220844513861
"SA","Unincorporated SA",131.789474487305,-31.7918128967285,2.05835252377673,2.22244656204982,2.50973713311308,4.15377853994597,4.57672203528654,5.31719792083745
NA,NA,NA,NA,NA,NA,NA,NA,NA,NA
"SA","Unincorporated SA",131.736831665039,-31.7470760345459,2.05862770849884,2.22283267074999,2.51031744395088,4.05468992400316,4.46818184191369,5.19211020931031
"SA","Unincorporated SA",129.052627563477,-31.702320098877,1.97561091816634,2.10635271225982,2.33525124557791,3.52975973577406,3.85777650663406,4.43205773226805
"SA","Unincorporated SA",129.105270385742,-31.702320098877,1.97963571587848,2.11199986229493,2.34373875794574,3.60844818626339,3.94479084534372,4.53364876862378
"SA","Unincorporated SA",129.157897949219,-31.702320098877,1.98161252524395,2.11477350208408,2.3479074628443,3.6099509795313,3.94664662892154,4.53612255629716
"SA","Unincorporated SA",129.210525512695,-31.702320098877,1.98393382621892,2.11803049431571,2.35280263327115,3.68934260460043,4.03377917671347,4.63680766293276
"SA","Unincorporated SA",129.263153076172,-31.702320098877,1.98682889208728,2.12209252984879,2.358907761807,3.76484564052635,4.11617701293477,4.73127669403152
NA,NA,NA,NA,NA,NA,NA,NA,NA,NA
NA,NA,NA,NA,NA,NA,NA,NA,NA,NA
NA,NA,NA,NA,NA,NA,NA,NA,NA,NA
NA,NA,NA,NA,NA,NA,NA,NA,NA,NA
"SA","Unincorporated SA",131.631576538086,-31.702320098877,2.05336303888618,2.2154458698933,2.49921528388076,4.13326011867517,4.55640753020498,5.29724042566964
"SA","Unincorporated SA",131.684204101562,-31.702320098877,2.05993841474394,2.22467170847249,2.51308146745255,4.12795694281996,4.54790164912749,5.28312735116856
"SA","Unincorporated SA",129.526321411133,-31.6575412750244,2.00827159969718,2.15217856042543,2.40412624458684,3.73512832620448,4.08269828801964,4.69121261227641
"SA","Unincorporated SA",129.57893371582,-31.6575412750244,2.01752187148325,2.16515751648176,2.42363326128813,3.7722459400372,4.12342871272133,4.73826823019426
"SA","Unincorporated SA",129.631576538086,-31.6575412750244,2.02315603869372,2.17306275541204,2.43551461963243,3.76834735520973,4.11729756380975,4.72822837980025
"SA","Unincorporated SA",129.684204101562,-31.6575412750244,2.02774118728079,2.17949612768473,2.44518380256398,3.7868285037553,4.13708444852471,4.75030130545677
"SA","Unincorporated SA",129.736831665039,-31.6575412750244,2.03081805124599,2.18381324215653,2.4516723077825,3.80175184605222,4.15324438362968,4.76862622752737
"SA","Unincorporated SA",129.789474487305,-31.6575412750244,2.03151274363517,2.18478795751629,2.45313727836405,3.8089536109324,4.16096545512852,4.77725648437259
"SA","Unincorporated SA",129.842086791992,-31.6575412750244,2.03075297094979,2.1837219286985,2.45153506614742,3.81555407746306,4.1670970092382,4.78256708167837
"SA","Unincorporated SA",131.526321411133,-31.6575412750244,2.05654410286182,2.21990918627006,2.50592352657198,4.06785785453998,4.47852842121407,5.19751725749542
"SA","Unincorporated SA",131.57893371582,-31.6575412750244,2.06354388112226,2.2297304992593,2.52068469192904,4.01856360696263,4.42817493962446,5.14530930302261
"SA","Unincorporated SA",129.894729614258,-31.6127414703369,2.03856007493661,2.19467599166179,2.46799872379788,3.27083793097072,3.56241032399557,4.07288590360799
"SA","Unincorporated SA",129.947357177734,-31.6127414703369,2.04446108821274,2.20295563941378,2.48044280838201,3.27564517233615,3.56891004549243,4.08234876495187
"SA","Unincorporated SA",130,-31.6127414703369,2.04777206480876,2.20760123477976,2.48742501141884,3.60166629351335,3.93399510258027,4.51582570619255
"SA","Unincorporated SA",130.052627563477,-31.6127414703369,2.05117086565121,2.21237005539373,2.49459241864008,3.68671171159837,4.02818854506837,4.62603521594625
"SA","Unincorporated SA",130.105255126953,-31.6127414703369,2.0544310857957,2.21694443493284,2.50146758623291,3.71726739037752,4.06344162581356,4.66951235716034
"SA","Unincorporated SA",130.157897949219,-31.6127414703369,2.05681037855785,2.22028279481234,2.50648505001363,3.71958087924931,4.06590136286029,4.67222814081384
"SA","Unincorporated SA",130.210510253906,-31.6127414703369,2.05791575820788,2.22183374101534,2.50881607982478,3.73683878911919,4.08561337954606,4.69623672888031
"SA","Unincorporated SA",130.263153076172,-31.6127414703369,2.05696320525371,2.22049722429244,2.50680733166953,3.78991412944761,4.1450787464673,4.76688954909532
"SA","Unincorporated SA",130.315780639648,-31.6127414703369,2.05406632674923,2.21643264546927,2.50069838063809,3.78134913289335,4.13606138914494,4.75708021307116
"SA","Unincorporated SA",130.368408203125,-31.6127414703369,2.05084245235157,2.21190926225351,2.49389985912734,3.78081616325523,4.13714730332989,4.76100041705061
"SA","Unincorporated SA",130.421051025391,-31.6127414703369,2.04877382422981,2.20900679256286,2.48953752640315,3.78115202300693,4.13736223613563,4.7610036348439
"SA","Unincorporated SA",130.473678588867,-31.6127414703369,2.0481039833972,2.20806694615269,2.4881249629011,3.79538526980674,4.15425370030674,4.78254902059952
"SA","Unincorporated SA",130.526321411133,-31.6127414703369,2.04926345599172,2.20969378957966,2.49057006416831,3.82632727509758,4.18927597557917,4.82471490148635
"SA","Unincorporated SA",130.57893371582,-31.6127414703369,2.05128223559746,2.2125263173579,2.49482727610716,3.84008859709145,4.20455422938196,4.84264895077226
"SA","Unincorporated SA",130.631576538086,-31.6127414703369,2.05004346530786,2.21078821219469,2.4922149514872,3.83938831512676,4.20322661781941,4.8402230307013
"SA","Unincorporated SA",130.684204101562,-31.6127414703369,2.04718746549109,2.20678098981505,2.4861922056249,4.03488031832878,4.42273101962218,5.10176756863096
"SA","Unincorporated SA",130.736831665039,-31.6127414703369,2.04392936321653,2.20220958183629,2.47932150420615,4.03745540677739,4.42758209664413,5.11060337333617
"SA","Unincorporated SA",130.789474487305,-31.6127414703369,2.04128535066372,2.19849979648847,2.47374579808433,4.02516689351704,4.41715985723989,5.10344854624943
"SA","Unincorporated SA",130.842086791992,-31.6127414703369,2.04006418480274,2.19678639190818,2.47117059776633,3.32636709370739,3.62846169966236,4.15735923167084
"SA","Unincorporated SA",130.894729614258,-31.6127414703369,2.03993232710552,2.19660138380273,2.47089253563349,3.32627604258191,3.62833380474849,4.15716683183574
"SA","Unincorporated SA",130.947357177734,-31.6127414703369,2.04016931362269,2.19693389701569,2.47139229391687,3.71596406188709,4.07506260995739,4.70376081270025
"SA","Unincorporated SA",131.421051025391,-31.6127414703369,2.05425524592106,2.2166977159111,2.50109677427727,3.99787439803385,4.40129071876541,5.10757905427668
"SA","Unincorporated SA",131.473678588867,-31.6127414703369,2.0618581838829,2.22736531573821,2.51712988565285,3.94876620338413,4.35080891744383,5.05469238651791
"SA","Unincorporated SA",131,-31.5679206848145,2.03964839736847,2.1962030050669,2.47029378326701,3.83376556109168,4.21273996753256,4.8762361846442
"SA","Unincorporated SA",131.052627563477,-31.5679206848145,2.04504334530584,2.20377259802857,2.48167067488174,3.9125527679109,4.30403130193935,4.9894193439648
"SA","Unincorporated SA",131.368423461914,-31.5679206848145,2.05730502968057,2.22097683443988,2.50752817263052,4.01034166273821,4.41837033473209,5.13273382667215
NA,NA,NA,NA,NA,NA,NA,NA,NA,NA
"SA","Unincorporated SA",131.105270385742,-31.5230770111084,2.04732773475823,2.20697780010306,2.48648800611597,3.61995608213557,3.96787895102405,4.57701113364851
"SA","Unincorporated SA",131.263153076172,-31.5230770111084,2.05026371830842,2.2110972467919,2.49267942205193,3.7756222094022,4.1509390258198,4.80803165181037
"SA","Unincorporated SA",131.315780639648,-31.5230770111084,2.05368201582494,2.21589342297788,2.49988794395125,3.75007592689312,4.12581413432562,4.78364451816888
"SA","Unincorporated SA",131.157897949219,-31.4782123565674,2.05002481499254,2.21076204413945,2.49217562161441,3.63341485400279,3.98626278545168,4.6040176094005
"SA","Unincorporated SA",131.210525512695,-31.4782123565674,2.05582625765443,2.21890198544209,2.50440973121836,3.73947949777162,4.11062063557216,4.76040261757411
NA,NA,NA,NA,NA,NA,NA,NA,NA,NA
NA,NA,NA,NA,NA,NA,NA,NA,NA,NA
NA,NA,NA,NA,NA,NA,NA,NA,NA,NA
NA,NA,NA,NA,NA,NA,NA,NA,NA,NA
NA,NA,NA,NA,NA,NA,NA,NA,NA,NA
NA,NA,NA,NA,NA,NA,NA,NA,NA,NA
NA,NA,NA,NA,NA,NA,NA,NA,NA,NA
NA,NA,NA,NA,NA,NA,NA,NA,NA,NA
NA,NA,NA,NA,NA,NA,NA,NA,NA,NA
NA,NA,NA,NA,NA,NA,NA,NA,NA,NA
NA,NA,NA,NA,NA,NA,NA,NA,NA,NA
NA,NA,NA,NA,NA,NA,NA,NA,NA,NA
NA,NA,NA,NA,NA,NA,NA,NA,NA,NA
NA,NA,NA,NA,NA,NA,NA,NA,NA,NA
NA,NA,NA,NA,NA,NA,NA,NA,NA,NA
NA,NA,NA,NA,NA,NA,NA,NA,NA,NA
NA,NA,NA,NA,NA,NA,NA,NA,NA,NA
NA,NA,NA,NA,NA,NA,NA,NA,NA,NA
NA,NA,NA,NA,NA,NA,NA,NA,NA,NA
NA,NA,NA,NA,NA,NA,NA,NA,NA,NA
NA,NA,NA,NA,NA,NA,NA,NA,NA,NA
NA,NA,NA,NA,NA,NA,NA,NA,NA,NA
NA,NA,NA,NA,NA,NA,NA,NA,NA,NA
NA,NA,NA,NA,NA,NA,NA,NA,NA,NA
NA,NA,NA,NA,NA,NA,NA,NA,NA,NA
NA,NA,NA,NA,NA,NA,NA,NA,NA,NA
NA,NA,NA,NA,NA,NA,NA,NA,NA,NA
NA,NA,NA,NA,NA,NA,NA,NA,NA,NA
NA,NA,NA,NA,NA,NA,NA,NA,NA,NA
NA,NA,NA,NA,NA,NA,NA,NA,NA,NA
NA,NA,NA,NA,NA,NA,NA,NA,NA,NA
NA,NA,NA,NA,NA,NA,NA,NA,NA,NA
NA,NA,NA,NA,NA,NA,NA,NA,NA,NA
NA,NA,NA,NA,NA,NA,NA,NA,NA,NA
NA,NA,NA,NA,NA,NA,NA,NA,NA,NA
NA,NA,NA,NA,NA,NA,NA,NA,NA,NA
NA,NA,NA,NA,NA,NA,NA,NA,NA,NA
NA,NA,NA,NA,NA,NA,NA,NA,NA,NA
NA,NA,NA,NA,NA,NA,NA,NA,NA,NA
NA,NA,NA,NA,NA,NA,NA,NA,NA,NA
NA,NA,NA,NA,NA,NA,NA,NA,NA,NA
NA,NA,NA,NA,NA,NA,NA,NA,NA,NA
NA,NA,NA,NA,NA,NA,NA,NA,NA,NA
NA,NA,NA,NA,NA,NA,NA,NA,NA,NA
NA,NA,NA,NA,NA,NA,NA,NA,NA,NA
NA,NA,NA,NA,NA,NA,NA,NA,NA,NA
NA,NA,NA,NA,NA,NA,NA,NA,NA,NA
NA,NA,NA,NA,NA,NA,NA,NA,NA,NA
